Moisture,Volatile Matter,Standard Ash,GCV,Fixed Carbon,Fuel_Ratio
4.8,26.2,6.0,7544.444444444444,63.0,2.404580152671756
0.8,23.9,13.4,7300.0,61.9,2.589958158995816
13.0,25.2,10.6,5355.555555555556,51.2,2.031746031746032
1.4,31.8,8.3,7672.222222222222,58.5,1.8396226415094339
1.2,31.2,9.4,7655.555555555556,58.2,1.8653846153846154
1.4,32.6,9.5,7516.666666666666,56.5,1.7331288343558282
2.0,30.5,12.5,7133.333333333333,55.0,1.8032786885245902
2.1,24.4,2.9,8022.222222222222,70.6,2.8934426229508197
19.7,27.5,6.5,5211.111111111111,46.3,1.6836363636363636
17.7,39.0,5.1,5544.444444444444,38.2,0.9794871794871796
2.3,35.8,5.0,7738.888888888889,56.900000000000006,1.5893854748603355
11.9,33.9,16.7,5555.555555555556,37.5,1.1061946902654867
13.1,37.6,13.5,5550.0,35.8,0.952127659574468
17.1,36.7,4.2,5527.777777777777,42.0,1.1444141689373295
1.6,29.4,2.0,8305.555555555555,67.0,2.2789115646258504
4.7,41.6,6.4,7122.222222222222,47.3,1.1370192307692306
4.6,39.1,7.5,7033.333333333333,48.8,1.248081841432225
6.6,36.2,8.9,6683.333333333333,48.3,1.3342541436464086
1.5,36.3,7.1,7666.666666666666,55.1,1.5179063360881544
1.5,36.6,7.5,7633.333333333333,54.4,1.4863387978142075
2.1,36.7,10.4,7127.777777777777,50.8,1.3841961852861033
1.5,35.1,9.8,7450.0,53.599999999999994,1.527065527065527
2.5,31.2,22.8,6455.555555555556,43.5,1.3942307692307692
5.5,38.3,11.5,6722.222222222222,44.7,1.1671018276762404
4.2,37.8,15.6,6355.555555555556,42.400000000000006,1.1216931216931219
5.1,32.7,17.0,6144.444444444444,45.199999999999996,1.3822629969418958
12.6,36.7,5.4,6011.111111111111,45.3,1.2343324250681198
11.2,30.9,13.1,5466.666666666667,44.800000000000004,1.4498381877022655
2.6,30.2,3.2,8161.111111111111,64.0,2.119205298013245
3.8,23.9,3.8,8016.666666666666,68.5,2.8661087866108788
3.4,26.5,3.6,8127.777777777777,66.5,2.509433962264151
3.3,34.1,6.6,7583.333333333333,56.0,1.6422287390029324
2.8,34.0,8.3,7566.666666666666,54.9,1.6147058823529412
1.6,33.5,6.6,7822.222222222222,58.3,1.7402985074626864
1.6,32.4,6.8,7822.222222222222,59.2,1.8271604938271606
2.5,34.5,8.1,7533.333333333333,54.9,1.5913043478260869
2.2,36.4,5.0,7922.222222222222,56.4,1.5494505494505495
2.9,30.4,6.5,7750.0,60.2,1.980263157894737
3.6,28.7,3.8,8027.777777777777,63.9,2.226480836236934
3.0,21.6,3.0,8216.666666666666,72.4,3.351851851851852
3.4,25.1,6.3,7888.888888888889,65.2,2.597609561752988
2.8,27.4,3.4,8033.333333333333,66.4,2.423357664233577
2.6,29.2,5.3,7933.333333333333,62.9,2.154109589041096
3.0,28.0,8.8,7588.888888888889,60.2,2.15
2.2,26.1,2.5,8288.888888888889,69.2,2.6513409961685825
1.9,28.0,3.0,8216.666666666666,67.1,2.3964285714285714
2.0,26.6,4.1,8161.111111111111,67.3,2.5300751879699246
1.9,22.7,4.1,8216.666666666666,71.3,3.1409691629955945
0.9,27.8,3.9,8333.333333333334,67.4,2.4244604316546763
1.7,25.1,8.3,7772.222222222222,64.9,2.585657370517928
1.9,24.8,3.6,8188.888888888889,69.7,2.810483870967742
1.9,20.8,7.6,7761.111111111111,69.7,3.3509615384615383
2.6,21.0,4.3,8061.111111111111,72.1,3.433333333333333
2.2,21.3,4.2,8144.444444444444,72.3,3.3943661971830985
2.4,20.7,2.4,8300.0,74.5,3.5990338164251208
2.0,20.3,6.5,7916.666666666666,71.2,3.5073891625615765
2.3,26.7,7.2,7777.777777777777,63.8,2.3895131086142323
2.0,26.6,3.2,8172.222222222222,68.2,2.56390977443609
1.9,26.8,4.2,8088.888888888889,67.1,2.5037313432835817
2.9,26.8,5.5,7938.888888888889,64.8,2.417910447761194
8.1,25.8,6.6,6944.444444444444,59.5,2.306201550387597
3.2,27.2,9.0,7516.666666666666,60.6,2.2279411764705883
2.3,23.4,7.2,7872.222222222222,67.1,2.8675213675213675
1.7,34.8,10.7,7433.333333333333,52.800000000000004,1.517241379310345
2.4,29.5,6.4,7850.0,61.7,2.0915254237288137
3.6,31.9,10.4,7133.333333333333,54.1,1.6959247648902822
1.9,32.8,15.3,6888.888888888889,50.0,1.524390243902439
1.9,34.0,17.7,6661.111111111111,46.400000000000006,1.3647058823529414
11.3,40.1,5.4,6305.555555555556,43.199999999999996,1.0773067331670823
16.0,34.3,3.9,5655.555555555556,45.800000000000004,1.3352769679300294
13.8,33.3,8.6,5527.777777777777,44.300000000000004,1.3303303303303307
11.5,32.5,16.7,5044.444444444444,39.3,1.209230769230769
14.3,34.0,7.4,5522.222222222222,44.3,1.302941176470588
11.2,40.9,7.3,6016.666666666667,40.6,0.9926650366748166
12.4,39.2,8.8,5805.555555555556,39.599999999999994,1.0102040816326527
12.3,33.5,7.0,6011.111111111111,47.2,1.4089552238805971
16.7,36.5,4.0,5850.0,42.8,1.1726027397260272
17.5,34.4,4.0,5611.111111111111,44.1,1.2819767441860466
15.6,35.6,4.4,5777.777777777777,44.4,1.247191011235955
10.4,38.1,5.4,6511.111111111111,46.099999999999994,1.2099737532808397
6.3,36.6,8.0,7144.444444444444,49.099999999999994,1.3415300546448086
2.9,37.0,6.9,7272.222222222222,53.2,1.4378378378378378
3.1,36.2,13.9,6655.555555555556,46.8,1.2928176795580109
2.9,36.4,11.1,6927.777777777777,49.6,1.3626373626373627
2.8,35.9,27.4,5411.111111111111,33.900000000000006,0.9442896935933149
10.6,37.4,4.4,6394.444444444444,47.6,1.2727272727272727
19.5,38.1,8.8,4927.777777777777,33.599999999999994,0.8818897637795273
19.1,34.8,4.4,5394.444444444444,41.7,1.1982758620689657
18.3,35.4,4.9,5500.0,41.4,1.1694915254237288
20.5,32.8,8.0,5105.555555555556,38.7,1.179878048780488
18.9,33.5,5.2,5533.333333333333,42.400000000000006,1.265671641791045
16.5,34.5,5.7,5605.555555555556,43.3,1.2550724637681159
20.3,37.1,4.8,5433.333333333333,37.8,1.0188679245283017
17.5,35.1,3.7,5655.555555555556,43.7,1.245014245014245
15.4,36.1,3.8,5738.888888888889,44.7,1.2382271468144044
20.6,33.9,3.3,5505.555555555556,42.2,1.2448377581120946
20.0,34.3,5.7,5194.444444444444,40.0,1.1661807580174928
20.5,33.0,6.9,5227.777777777777,39.6,1.2
6.6,35.8,16.8,6100.0,40.800000000000004,1.1396648044692739
6.3,38.7,10.1,6622.222222222222,44.9,1.1602067183462532
7.5,35.6,15.4,6127.777777777777,41.5,1.1657303370786516
6.5,43.5,6.5,7100.0,43.5,1.0
5.7,35.7,8.4,6900.0,50.199999999999996,1.406162464985994
5.0,39.2,12.1,6588.888888888889,43.699999999999996,1.1147959183673468
6.3,38.4,10.8,6627.777777777777,44.5,1.1588541666666667
8.8,33.1,8.3,6661.111111111111,49.8,1.5045317220543806
18.2,34.8,10.0,5666.666666666667,37.0,1.0632183908045978
6.6,40.0,11.8,6427.777777777777,41.6,1.04
16.0,38.1,9.7,5772.222222222222,36.2,0.9501312335958005
17.0,36.5,11.2,5655.555555555556,35.3,0.9671232876712328
13.3,36.3,1.7,6894.444444444444,48.7,1.3415977961432508
10.3,36.1,2.6,7016.666666666666,51.0,1.412742382271468
18.6,33.3,5.8,5922.222222222222,42.3,1.2702702702702704
2.8,37.3,22.2,5483.333333333333,37.7,1.0107238605898126
2.6,41.6,10.6,6894.444444444444,45.2,1.0865384615384617
6.5,46.3,3.7,7038.888888888889,43.5,0.939524838012959
3.0,39.0,5.5,7427.777777777777,52.5,1.3461538461538463
5.3,37.5,7.2,7072.222222222222,50.0,1.3333333333333333
4.1,42.2,5.1,7388.888888888889,48.599999999999994,1.1516587677725116
2.8,44.0,9.7,7027.777777777777,43.5,0.9886363636363636
2.5,42.2,10.3,6966.666666666666,45.0,1.066350710900474
1.9,45.2,9.0,7211.111111111111,43.9,0.9712389380530972
5.4,38.6,11.0,6550.0,45.0,1.16580310880829
9.7,40.8,7.5,6638.888888888889,42.0,1.0294117647058825
10.0,40.7,6.8,6650.0,42.5,1.0442260442260443
10.8,38.0,7.3,6500.0,43.9,1.1552631578947368
11.3,35.2,11.3,6127.777777777777,42.199999999999996,1.1988636363636362
1.5,30.7,8.3,7916.666666666666,59.5,1.9381107491856677
1.7,29.3,10.2,7533.333333333333,58.8,2.0068259385665526
1.3,27.7,14.5,7100.0,56.5,2.03971119133574
2.2,41.1,9.6,7166.666666666666,47.099999999999994,1.1459854014598538
2.2,40.5,7.1,7472.222222222222,50.2,1.2395061728395063
2.1,40.4,8.4,7355.555555555556,49.1,1.2153465346534653
2.4,37.8,9.1,7283.333333333333,50.7,1.3412698412698414
2.3,39.4,9.5,7216.666666666666,48.8,1.2385786802030456
2.0,41.7,9.6,7155.555555555556,46.699999999999996,1.119904076738609
2.3,41.2,12.3,6950.0,44.199999999999996,1.0728155339805823
2.1,42.4,10.4,7100.0,45.1,1.063679245283019
2.0,41.1,10.5,7088.888888888889,46.4,1.1289537712895377
1.8,44.5,11.2,7055.555555555556,42.5,0.9550561797752809
2.3,41.4,10.1,7144.444444444444,46.2,1.1159420289855073
2.3,41.3,10.6,7066.666666666666,45.800000000000004,1.1089588377723973
10.5,35.6,13.6,5850.0,40.3,1.1320224719101122
7.3,37.3,16.9,6005.555555555556,38.5,1.032171581769437
2.0,43.2,8.8,7272.222222222222,46.0,1.0648148148148147
2.0,40.9,11.0,7061.111111111111,46.1,1.1271393643031786
1.7,39.2,11.8,6988.888888888889,47.3,1.2066326530612244
2.0,39.2,13.1,6911.111111111111,45.699999999999996,1.165816326530612
11.7,37.7,10.5,6072.222222222222,40.099999999999994,1.0636604774535807
11.7,37.7,10.5,6072.222222222222,40.099999999999994,1.0636604774535807
7.1,35.0,18.5,5911.111111111111,39.4,1.1257142857142857
7.1,35.0,18.5,5911.111111111111,39.4,1.1257142857142857
2.3,35.2,21.0,6361.111111111111,41.5,1.1789772727272727
2.3,35.2,21.0,6361.111111111111,41.5,1.1789772727272727
1.9,35.5,14.3,6977.777777777777,48.3,1.36056338028169
1.9,35.5,14.3,6977.777777777777,48.3,1.36056338028169
15.1,29.9,5.1,5522.222222222222,49.900000000000006,1.6688963210702343
4.9,45.5,7.4,7061.111111111111,42.2,0.9274725274725275
5.2,46.7,8.0,6838.888888888889,40.099999999999994,0.8586723768736615
6.1,44.8,5.8,7172.222222222222,43.300000000000004,0.9665178571428573
4.9,34.3,18.2,5944.444444444444,42.6,1.24198250728863
6.4,38.5,3.5,7266.666666666666,51.6,1.3402597402597403
5.1,35.9,6.7,7122.222222222222,52.3,1.456824512534819
3.9,41.2,15.6,6377.777777777777,39.3,0.953883495145631
3.5,39.9,4.8,7500.0,51.8,1.2982456140350878
5.2,37.0,5.3,7205.555555555556,52.5,1.4189189189189189
3.3,36.8,12.8,6733.333333333333,47.1,1.2798913043478262
17.4,33.6,7.8,5377.777777777777,41.2,1.2261904761904763
3.2,39.4,8.9,6933.333333333333,48.5,1.2309644670050761
2.8,20.4,4.8,8027.777777777777,72.0,3.5294117647058827
9.7,24.5,4.0,6405.555555555556,61.8,2.522448979591837
2.9,21.1,5.9,7866.666666666666,70.1,3.322274881516587
1.3,20.4,7.1,7938.888888888889,71.2,3.490196078431373
7.5,37.5,10.4,6200.0,44.6,1.1893333333333334
1.9,36.2,18.2,6505.555555555556,43.7,1.207182320441989
2.2,37.9,12.8,6972.222222222222,47.1,1.2427440633245384
2.2,37.9,12.8,6972.222222222222,47.1,1.2427440633245384
2.6,35.3,12.2,7022.222222222222,49.900000000000006,1.4135977337110484
2.6,35.3,12.2,7022.222222222222,49.900000000000006,1.4135977337110484
1.7,35.3,17.2,6633.333333333333,45.800000000000004,1.2974504249291787
1.7,35.3,17.2,6633.333333333333,45.800000000000004,1.2974504249291787
1.7,35.3,17.2,6633.333333333333,45.800000000000004,1.2974504249291787
3.3,31.2,15.1,6700.0,50.400000000000006,1.6153846153846156
3.3,31.2,15.1,6700.0,50.400000000000006,1.6153846153846156
5.5,36.4,16.4,6200.0,41.7,1.1456043956043958
8.1,30.9,20.2,5661.111111111111,40.800000000000004,1.3203883495145634
4.6,21.6,2.3,7861.111111111111,71.5,3.310185185185185
5.7,40.4,12.2,6233.333333333333,41.7,1.0321782178217822
6.3,36.4,17.2,5644.444444444444,40.1,1.1016483516483517
4.3,28.3,27.4,4972.222222222222,40.0,1.4134275618374559
3.4,37.1,25.8,5155.555555555556,33.7,0.908355795148248
4.7,38.8,22.3,5416.666666666667,34.2,0.8814432989690723
4.3,36.5,18.7,5994.444444444444,40.5,1.1095890410958904
5.1,40.7,15.4,6150.0,38.8,0.9533169533169532
4.5,35.0,22.8,5261.111111111111,37.7,1.0771428571428572
4.0,41.5,16.2,6005.555555555556,38.3,0.9228915662650602
4.1,36.6,17.9,5727.777777777777,41.4,1.1311475409836065
4.9,41.2,8.9,6683.333333333333,45.0,1.0922330097087378
5.4,35.5,14.8,5905.555555555556,44.3,1.2478873239436619
4.4,34.5,25.2,5088.888888888889,35.900000000000006,1.0405797101449277
5.7,33.9,19.8,5316.666666666667,40.6,1.1976401179941003
11.1,38.3,9.7,6055.555555555556,40.900000000000006,1.0678851174934727
9.9,32.4,22.2,5133.333333333333,35.5,1.095679012345679
15.8,35.0,9.7,5700.0,39.5,1.1285714285714286
12.3,34.1,14.6,5577.777777777777,39.0,1.1436950146627565
13.3,36.3,10.6,5800.0,39.800000000000004,1.0964187327823693
13.2,37.1,17.9,5072.222222222222,31.799999999999997,0.857142857142857
11.6,37.5,11.3,5927.777777777777,39.6,1.056
12.0,40.6,11.9,5905.555555555556,35.5,0.874384236453202
6.2,20.4,22.4,5361.111111111111,51.0,2.5
10.2,36.2,6.7,6033.333333333333,46.9,1.2955801104972375
9.5,39.9,7.1,6077.777777777777,43.5,1.0902255639097744
10.8,38.5,6.6,6044.444444444444,44.1,1.1454545454545455
10.6,38.3,9.1,5983.333333333333,42.0,1.0966057441253265
9.3,40.8,8.5,6166.666666666666,41.400000000000006,1.0147058823529413
4.9,20.7,11.6,6994.444444444444,62.8,3.033816425120773
4.9,20.7,11.6,6994.444444444444,62.8,3.033816425120773
4.9,20.7,11.6,6994.444444444444,62.8,3.033816425120773
2.2,32.9,16.9,6666.666666666666,48.0,1.458966565349544
15.7,36.0,7.9,4977.777777777777,40.4,1.1222222222222222
15.7,31.4,15.6,5350.0,37.300000000000004,1.1878980891719748
6.8,34.8,10.8,6583.333333333333,47.6,1.3678160919540232
16.2,32.7,16.9,5016.666666666667,34.2,1.0458715596330275
1.9,28.4,3.3,8116.666666666666,66.4,2.338028169014085
2.3,44.3,7.8,7261.111111111111,45.6,1.0293453724604966
2.6,43.0,4.7,7400.0,49.7,1.1558139534883722
4.3,39.2,8.1,6750.0,48.4,1.2346938775510203
4.0,41.2,4.3,7066.666666666666,50.5,1.2257281553398058
4.3,43.0,4.2,7155.555555555556,48.5,1.127906976744186
3.1,36.2,20.8,5861.111111111111,39.89999999999999,1.102209944751381
2.2,36.1,7.9,7011.111111111111,53.8,1.490304709141274
20.4,29.0,13.7,4927.777777777777,36.900000000000006,1.2724137931034485
17.4,30.2,13.2,5188.888888888889,39.2,1.2980132450331128
14.5,30.9,18.1,5027.777777777777,36.5,1.1812297734627832
1.2,24.8,17.4,7016.666666666666,56.6,2.282258064516129
1.0,25.5,4.1,8266.666666666666,69.4,2.7215686274509805
8.5,36.9,6.4,6444.444444444444,48.2,1.3062330623306235
11.1,36.6,3.7,6455.555555555556,48.599999999999994,1.327868852459016
9.5,37.6,4.0,6522.222222222222,48.9,1.300531914893617
14.4,31.4,7.7,5400.0,46.5,1.480891719745223
11.7,36.3,3.8,6383.333333333333,48.2,1.3278236914600552
10.2,35.3,10.3,5911.111111111111,44.2,1.2521246458923514
16.7,35.7,2.2,5844.444444444444,45.4,1.2717086834733893
10.3,39.4,9.8,5938.888888888889,40.5,1.0279187817258884
14.6,32.3,10.4,5138.888888888889,42.7,1.321981424148607
13.9,34.6,5.5,5738.888888888889,46.0,1.329479768786127
4.3,30.9,18.9,5783.333333333333,45.900000000000006,1.4854368932038837
4.3,34.4,12.5,6383.333333333333,48.8,1.4186046511627908
4.1,32.8,19.5,5805.555555555556,43.6,1.329268292682927
4.3,36.4,9.2,6766.666666666666,50.1,1.3763736263736264
5.8,35.9,4.1,6877.777777777777,54.2,1.50974930362117
5.4,36.5,5.4,6888.888888888889,52.7,1.4438356164383563
5.5,35.0,9.0,6516.666666666666,50.5,1.4428571428571428
5.4,33.4,12.8,6333.333333333333,48.4,1.4491017964071857
6.3,33.5,13.8,5911.111111111111,46.4,1.3850746268656715
6.0,35.9,7.5,6511.111111111111,50.6,1.4094707520891365
6.4,36.1,7.4,6516.666666666666,50.099999999999994,1.3878116343490303
5.1,34.0,17.8,5783.333333333333,43.1,1.2676470588235293
4.9,35.7,14.0,6216.666666666666,45.4,1.2717086834733893
5.7,36.5,7.2,6566.666666666666,50.6,1.3863013698630138
3.7,32.9,21.7,5633.333333333333,41.7,1.2674772036474165
8.6,34.8,3.1,6588.888888888889,53.5,1.5373563218390807
8.0,35.4,5.8,6477.777777777777,50.8,1.4350282485875705
7.7,34.3,11.8,6005.555555555556,46.2,1.3469387755102042
6.9,33.2,12.8,6044.444444444444,47.099999999999994,1.4186746987951804
6.1,35.7,12.0,6200.0,46.199999999999996,1.2941176470588234
6.0,36.9,5.5,6794.444444444444,51.6,1.3983739837398375
4.7,30.5,25.9,5122.222222222222,38.900000000000006,1.275409836065574
18.6,40.3,9.0,5094.444444444444,32.099999999999994,0.7965260545905707
10.5,34.0,8.6,6038.888888888889,46.9,1.3794117647058823
10.5,32.9,11.4,5811.111111111111,45.2,1.3738601823708207
9.9,36.8,6.7,6244.444444444444,46.6,1.2663043478260871
8.9,34.1,14.7,5655.555555555556,42.3,1.2404692082111435
8.0,40.3,7.0,6411.111111111111,44.7,1.109181141439206
9.6,32.9,12.0,5861.111111111111,45.5,1.3829787234042554
11.3,34.5,8.8,5972.222222222222,45.4,1.3159420289855073
7.5,34.5,23.0,5138.888888888889,35.0,1.0144927536231885
9.4,34.3,7.5,6250.0,48.800000000000004,1.4227405247813414
3.6,42.0,3.6,7483.333333333333,50.8,1.2095238095238094
3.2,38.9,10.0,7027.777777777777,47.900000000000006,1.2313624678663242
3.0,44.7,7.2,7366.666666666666,45.099999999999994,1.0089485458612975
3.1,40.7,9.8,7005.555555555556,46.4,1.14004914004914
3.0,44.0,10.5,6972.222222222222,42.5,0.9659090909090909
3.6,39.1,12.6,6683.333333333333,44.7,1.143222506393862
3.2,38.4,15.4,6461.111111111111,43.0,1.1197916666666667
3.0,43.9,10.3,7005.555555555556,42.8,0.9749430523917995
2.9,43.9,7.2,7261.111111111111,46.0,1.0478359908883828
3.3,39.7,13.1,6622.222222222222,43.9,1.105793450881612
3.0,38.2,10.4,6833.333333333333,48.4,1.2670157068062826
11.9,34.6,8.7,5833.333333333333,44.8,1.2947976878612715
13.1,32.0,15.7,5244.444444444444,39.2,1.225
3.5,41.9,9.5,6922.222222222222,45.1,1.0763723150357996
4.9,33.5,12.9,6066.666666666667,48.7,1.4537313432835821
9.5,35.0,9.7,5822.222222222222,45.8,1.3085714285714285
9.0,33.2,15.8,5709.444444444444,42.0,1.2650602409638554
8.3,40.7,7.9,6628.888888888889,43.099999999999994,1.0589680589680588
17.6,30.9,16.0,4955.555555555556,35.5,1.1488673139158576
17.2,31.6,11.8,5388.888888888889,39.4,1.2468354430379747
16.7,33.4,12.9,5388.888888888889,37.0,1.1077844311377245
6.6,32.8,6.4,6419.444444444444,54.2,1.652439024390244
12.2,34.0,10.6,5905.555555555556,43.2,1.2705882352941178
13.5,31.6,9.7,6005.555555555556,45.2,1.4303797468354431
7.9,35.6,17.1,5911.111111111111,39.4,1.1067415730337078
13.6,37.9,9.3,6094.444444444444,39.2,1.0343007915567284
18.7,32.1,9.2,5600.0,40.0,1.2461059190031152
13.0,31.7,17.2,5277.777777777777,38.1,1.2018927444794953
12.5,39.0,8.4,6266.666666666666,40.1,1.0282051282051283
9.5,33.4,22.1,5050.0,35.0,1.0479041916167666
12.2,34.4,10.6,5955.555555555556,42.800000000000004,1.2441860465116281
2.9,32.4,15.2,6788.333333333333,49.5,1.527777777777778
2.0,32.1,15.7,6772.777777777777,50.2,1.5638629283489096
2.4,31.6,17.9,6583.888888888889,48.1,1.5221518987341771
2.5,32.9,16.0,6737.222222222222,48.6,1.4772036474164134
5.8,31.1,22.2,5599.444444444444,40.9,1.315112540192926
6.2,32.7,16.6,6240.555555555556,44.5,1.3608562691131498
5.8,34.7,11.9,6742.222222222222,47.599999999999994,1.3717579250720457
5.3,35.7,17.2,6454.444444444444,41.8,1.1708683473389354
4.5,36.4,14.5,6718.333333333333,44.6,1.2252747252747254
4.0,35.6,16.9,6406.666666666666,43.5,1.2219101123595506
4.5,35.8,13.3,6712.222222222222,46.400000000000006,1.2960893854748605
7.0,30.6,22.4,5618.888888888889,40.0,1.3071895424836601
6.4,31.4,23.3,5654.444444444444,38.9,1.2388535031847134
8.8,36.8,5.6,6776.666666666666,48.800000000000004,1.3260869565217392
8.9,36.2,8.2,6512.777777777777,46.699999999999996,1.2900552486187844
10.7,35.7,8.4,6359.444444444444,45.199999999999996,1.2661064425770305
10.6,37.5,10.1,6274.444444444444,41.8,1.1146666666666667
2.9,29.5,22.8,5920.555555555556,44.8,1.51864406779661
7.7,32.1,15.3,6273.888888888889,44.9,1.3987538940809967
8.7,32.3,11.9,6504.444444444444,47.1,1.4582043343653253
7.7,30.9,17.7,5819.444444444444,43.7,1.4142394822006474
8.2,29.7,19.4,5552.222222222222,42.7,1.437710437710438
10.0,32.2,16.4,5684.444444444444,41.4,1.2857142857142856
9.1,29.8,22.0,5235.0,39.099999999999994,1.3120805369127515
2.3,33.4,21.0,6092.777777777777,43.3,1.2964071856287425
2.5,33.9,19.8,6290.555555555556,43.8,1.2920353982300885
2.5,31.9,20.0,6293.333333333333,45.6,1.4294670846394986
3.9,34.6,13.3,6741.111111111111,48.2,1.393063583815029
1.2,27.0,25.3,6172.777777777777,46.5,1.7222222222222223
3.4,34.7,9.7,7056.111111111111,52.199999999999996,1.504322766570605
3.1,32.0,17.2,6476.111111111111,47.7,1.490625
12.3,27.7,13.7,5271.111111111111,46.3,1.6714801444043321
14.7,27.5,18.6,4939.444444444444,39.2,1.4254545454545455
7.7,37.6,14.3,6196.666666666666,40.4,1.0744680851063828
9.7,33.6,15.7,5842.777777777777,41.0,1.2202380952380951
3.2,33.0,7.7,7432.777777777777,56.1,1.7
1.7,35.8,1.5,8335.0,61.0,1.7039106145251397
1.5,36.8,7.2,7835.555555555556,54.5,1.4809782608695654
1.5,30.5,19.7,6624.444444444444,48.3,1.583606557377049
1.0,35.0,5.7,8003.333333333333,58.3,1.6657142857142857
14.4,31.6,8.8,5440.555555555556,45.199999999999996,1.430379746835443
14.1,29.7,9.9,5420.0,46.3,1.5589225589225588
12.5,31.9,8.3,5720.555555555556,47.3,1.4827586206896552
3.9,31.5,23.6,5988.333333333333,41.0,1.3015873015873016
2.6,35.8,18.7,6491.111111111111,42.900000000000006,1.198324022346369
2.3,36.5,13.8,7048.333333333333,47.4,1.2986301369863014
9.1,40.1,5.0,6729.444444444444,45.8,1.14214463840399
12.0,38.6,5.3,6397.777777777777,44.099999999999994,1.1424870466321242
19.0,29.5,9.5,5278.888888888889,42.0,1.423728813559322
13.1,34.0,7.8,5673.888888888889,45.1,1.326470588235294
8.3,34.1,13.8,5918.333333333333,43.8,1.284457478005865
1.8,28.4,8.3,7603.333333333333,61.5,2.165492957746479
4.3,30.7,4.8,7763.888888888889,60.2,1.960912052117264
2.9,37.1,8.4,7435.0,51.599999999999994,1.3908355795148246
8.7,32.5,3.5,6822.222222222222,55.3,1.7015384615384614
13.9,30.2,3.1,5916.666666666667,52.8,1.7483443708609272
18.9,28.1,4.5,5438.888888888889,48.5,1.7259786476868326
5.2,32.7,14.9,6338.888888888889,47.199999999999996,1.443425076452599
12.8,31.7,7.3,5650.0,48.2,1.5205047318611988
6.1,35.1,7.0,6922.222222222222,51.8,1.4757834757834756
6.5,35.0,5.8,7011.111111111111,52.7,1.5057142857142858
11.9,30.0,2.3,6400.0,55.8,1.8599999999999999
8.4,34.3,4.4,6861.111111111111,52.900000000000006,1.5422740524781344
14.1,30.9,2.4,5855.555555555556,52.6,1.702265372168285
10.8,34.0,10.4,5401.111111111111,44.8,1.3176470588235294
8.8,32.0,14.2,5094.444444444444,45.0,1.40625
2.8,42.7,5.5,7661.666666666666,49.0,1.1475409836065573
3.2,42.9,6.6,7485.555555555556,47.3,1.1025641025641026
7.5,37.0,11.1,6321.111111111111,44.4,1.2
1.3,19.7,9.6,7653.333333333333,69.4,3.522842639593909
13.9,33.4,13.4,5498.333333333333,39.3,1.1766467065868262
15.4,33.5,13.1,5526.666666666667,38.0,1.1343283582089552
15.6,35.6,10.5,5785.0,38.3,1.0758426966292134
14.8,35.6,10.6,5847.777777777777,39.0,1.095505617977528
13.3,34.2,9.0,6098.888888888889,43.5,1.2719298245614035
16.5,34.8,18.4,5091.666666666667,30.30000000000001,0.8706896551724141
11.9,34.9,14.6,5489.444444444444,38.6,1.1060171919770774
14.5,35.8,15.2,5217.222222222222,34.5,0.963687150837989
14.9,33.2,10.7,5673.333333333333,41.199999999999996,1.2409638554216864
16.6,34.3,7.0,5987.222222222222,42.1,1.2274052478134112
10.3,36.0,9.8,6042.777777777777,43.9,1.2194444444444443
10.8,34.9,17.2,5444.444444444444,37.1,1.0630372492836677
17.0,32.1,10.9,5687.222222222222,40.0,1.2461059190031152
16.8,33.7,13.0,5532.222222222222,36.5,1.083086053412463
17.7,33.2,8.8,5822.777777777777,40.3,1.2138554216867468
13.1,34.6,15.2,5462.222222222222,37.1,1.0722543352601157
13.0,37.8,10.8,6077.222222222222,38.400000000000006,1.015873015873016
4.3,35.2,23.8,5146.666666666667,36.699999999999996,1.0426136363636362
3.1,38.5,13.5,6440.555555555556,44.9,1.1662337662337663
2.7,23.3,25.9,5565.555555555556,48.1,2.0643776824034337
3.3,38.2,13.0,6392.222222222222,45.5,1.1910994764397904
2.8,38.5,15.5,6348.333333333333,43.2,1.1220779220779222
7.0,39.7,22.7,5286.666666666667,30.599999999999994,0.7707808564231736
9.4,35.1,17.3,5681.111111111111,38.199999999999996,1.088319088319088
12.2,35.1,17.3,5411.111111111111,35.400000000000006,1.0085470085470087
16.2,33.8,12.9,5637.222222222222,37.1,1.0976331360946747
15.1,34.1,15.2,5483.888888888889,35.599999999999994,1.0439882697947211
10.2,34.5,15.6,5642.777777777777,39.7,1.1507246376811595
9.8,32.5,18.4,5450.555555555556,39.3,1.209230769230769
10.1,36.8,10.4,6081.666666666667,42.7,1.160326086956522
6.9,35.5,8.0,6512.222222222222,49.6,1.3971830985915494
6.7,34.2,8.8,6505.0,50.3,1.4707602339181285
9.5,30.9,23.9,4942.222222222222,35.7,1.1553398058252429
20.4,31.7,5.5,5198.333333333333,42.400000000000006,1.3375394321766563
7.3,33.8,20.2,5483.888888888889,38.7,1.1449704142011836
8.7,36.5,10.6,6184.444444444444,44.2,1.2109589041095892
9.6,35.2,5.1,6532.222222222222,50.099999999999994,1.4232954545454544
18.1,32.8,3.5,5067.222222222222,45.6,1.3902439024390245
10.5,37.6,12.2,5816.666666666667,39.7,1.0558510638297873
11.2,33.6,13.4,5550.0,41.8,1.2440476190476188
10.0,35.1,13.7,5685.555555555556,41.2,1.173789173789174
10.9,32.6,16.0,5469.444444444444,40.5,1.2423312883435582
7.0,37.2,11.9,6220.0,43.9,1.1801075268817203
6.7,36.5,12.6,6213.333333333333,44.2,1.2109589041095892
10.8,36.9,18.5,5480.0,33.8,0.9159891598915989
12.8,37.2,5.6,6292.222222222222,44.4,1.193548387096774
12.7,34.2,18.2,5261.666666666667,34.900000000000006,1.02046783625731
11.6,35.4,16.7,5339.444444444444,36.300000000000004,1.0254237288135595
13.0,35.0,14.3,5372.222222222222,37.7,1.0771428571428572
12.1,37.1,9.4,5920.555555555556,41.4,1.1159029649595686
12.5,33.6,18.2,5164.444444444444,35.7,1.0625
12.5,34.6,13.6,5551.111111111111,39.3,1.1358381502890171
13.7,36.5,7.1,5891.111111111111,42.7,1.16986301369863
11.5,35.3,12.9,5615.0,40.300000000000004,1.1416430594900853
11.0,35.4,16.6,5245.0,37.0,1.0451977401129944
11.6,36.6,9.1,5901.111111111111,42.7,1.1666666666666667
10.3,36.0,17.4,5222.222222222222,36.3,1.0083333333333333
10.9,38.2,8.5,5994.444444444444,42.4,1.1099476439790574
2.7,33.5,11.2,7088.333333333333,52.6,1.5701492537313433
0.7,19.7,4.0,8348.333333333334,75.6,3.8375634517766497
3.2,38.8,11.5,7065.0,46.5,1.1984536082474229
2.8,39.9,11.8,7099.444444444444,45.5,1.1403508771929824
4.4,33.2,13.0,6808.888888888889,49.4,1.4879518072289155
9.0,34.4,6.7,5498.333333333333,49.900000000000006,1.4505813953488373
3.9,32.9,12.0,6814.444444444444,51.2,1.556231003039514
3.0,32.1,21.8,6014.444444444444,43.099999999999994,1.3426791277258565
11.5,32.7,5.1,5947.222222222222,50.699999999999996,1.55045871559633
11.2,31.1,18.7,5170.0,39.0,1.2540192926045015
5.0,39.0,19.7,5786.111111111111,36.3,0.9307692307692307
13.8,32.2,10.9,5764.444444444444,43.099999999999994,1.338509316770186
11.1,29.8,19.9,4786.666666666667,39.2,1.3154362416107384
10.0,35.0,11.3,5903.333333333333,43.7,1.2485714285714287
8.6,33.1,11.0,5841.666666666667,47.3,1.429003021148036
5.3,32.7,13.5,6041.111111111111,48.5,1.4831804281345564
7.9,31.7,20.8,4993.333333333333,39.599999999999994,1.2492113564668768
9.0,33.6,17.7,5458.333333333333,39.7,1.181547619047619
7.7,32.3,18.4,5114.444444444444,41.60000000000001,1.2879256965944277
10.6,34.5,15.7,5276.666666666667,39.2,1.136231884057971
6.5,34.2,20.8,5450.555555555556,38.5,1.1257309941520466
8.3,31.4,17.0,5030.0,43.3,1.3789808917197452
13.6,35.1,9.8,4931.111111111111,41.5,1.1823361823361822
8.4,38.0,18.2,5532.222222222222,35.400000000000006,0.9315789473684212
10.3,35.1,12.7,5742.777777777777,41.9,1.1937321937321936
8.0,40.7,11.9,6415.555555555556,39.4,0.968058968058968
8.3,39.3,8.7,6453.333333333333,43.7,1.1119592875318067
10.9,34.0,18.0,5214.444444444444,37.1,1.0911764705882354
7.7,39.4,16.3,6040.0,36.6,0.9289340101522844
12.6,33.3,10.9,5679.444444444444,43.2,1.2972972972972976
11.1,34.8,12.6,5678.888888888889,41.5,1.192528735632184
11.0,34.2,15.4,5511.111111111111,39.4,1.1520467836257309
14.8,33.5,9.0,5812.777777777777,42.7,1.274626865671642
8.9,34.7,15.0,5519.444444444444,41.4,1.1930835734870315
9.0,37.4,11.3,6005.555555555556,42.3,1.1310160427807485
15.0,31.7,15.9,5139.444444444444,37.400000000000006,1.1798107255520507
15.4,32.4,11.0,5538.333333333333,41.2,1.271604938271605
14.9,34.5,9.3,5780.555555555556,41.3,1.1971014492753622
12.7,33.5,18.5,5110.0,35.3,1.053731343283582
13.5,34.0,10.5,5698.888888888889,42.0,1.2352941176470589
12.6,33.1,11.7,5454.444444444444,42.6,1.2870090634441087
11.9,34.9,8.4,5901.111111111111,44.8,1.2836676217765042
11.2,34.3,8.7,5846.666666666667,45.800000000000004,1.3352769679300294
8.9,35.6,14.6,5490.0,40.9,1.148876404494382
10.5,35.6,9.4,6030.0,44.5,1.25
7.3,37.8,11.3,6043.333333333333,43.6,1.1534391534391535
8.4,32.9,3.0,6847.777777777777,55.7,1.6930091185410336
9.8,33.3,4.7,6376.666666666666,52.2,1.5675675675675678
3.4,39.5,10.3,7049.444444444444,46.8,1.1848101265822784
2.8,39.6,12.1,6960.0,45.5,1.148989898989899
3.8,36.8,10.7,6912.777777777777,48.7,1.3233695652173916
4.0,35.3,12.3,6701.666666666666,48.400000000000006,1.3711048158640229
20.4,29.9,6.5,5212.777777777777,43.2,1.4448160535117058
16.4,30.4,16.1,4790.0,37.1,1.2203947368421053
14.8,32.2,6.4,5837.777777777777,46.599999999999994,1.4472049689440991
18.1,31.5,7.9,5291.111111111111,42.5,1.3492063492063493
17.9,28.7,11.6,5040.555555555556,41.8,1.456445993031359
14.9,30.6,12.1,5250.555555555556,42.4,1.3856209150326797
20.7,31.8,9.4,4996.111111111111,38.099999999999994,1.1981132075471697
4.0,39.8,8.2,6861.111111111111,48.0,1.206030150753769
1.0,27.3,8.5,7814.444444444444,63.2,2.3150183150183152
14.3,31.7,19.7,4920.0,34.3,1.0820189274447949
13.8,31.3,18.6,5011.111111111111,36.3,1.1597444089456868
18.4,33.8,6.8,5465.555555555556,41.0,1.2130177514792901
16.6,32.0,11.8,5157.222222222222,39.599999999999994,1.2374999999999998
19.4,33.2,7.8,5287.222222222222,39.599999999999994,1.1927710843373491
17.2,30.0,13.3,4983.888888888889,39.5,1.3166666666666667
20.0,32.9,7.7,5295.0,39.400000000000006,1.197568389057751
18.5,34.2,5.9,5544.444444444444,41.4,1.2105263157894735
12.5,34.0,8.4,5554.444444444444,45.1,1.326470588235294
12.5,31.1,17.2,4902.777777777777,39.2,1.2604501607717042
10.8,37.2,8.8,5780.555555555556,43.199999999999996,1.161290322580645
8.2,33.5,20.8,5077.222222222222,37.5,1.1194029850746268
12.3,32.6,7.4,5797.222222222222,47.699999999999996,1.4631901840490795
9.2,39.7,9.2,6169.444444444444,41.9,1.0554156171284634
14.0,35.1,7.2,5658.888888888889,43.7,1.245014245014245
10.3,36.3,6.1,6218.888888888889,47.300000000000004,1.3030303030303032
12.4,34.4,5.9,5875.555555555556,47.3,1.375
8.9,32.2,13.2,5046.111111111111,45.699999999999996,1.419254658385093
11.3,37.0,6.7,5261.666666666667,45.0,1.2162162162162162
3.6,39.4,16.8,6202.222222222222,40.2,1.0203045685279188
3.8,36.1,20.5,5848.333333333333,39.599999999999994,1.0969529085872574
4.0,37.2,15.0,6330.0,43.8,1.1774193548387095
3.7,40.2,9.3,6946.111111111111,46.8,1.1641791044776117
8.8,36.6,15.4,5602.222222222222,39.199999999999996,1.07103825136612
4.1,38.8,13.0,6505.555555555556,44.1,1.13659793814433
5.8,39.4,13.0,6182.222222222222,41.8,1.0609137055837563
5.2,40.3,6.6,6832.777777777777,47.900000000000006,1.1885856079404469
5.0,40.7,7.4,6772.777777777777,46.9,1.1523341523341522
5.1,38.5,11.4,6491.111111111111,45.0,1.1688311688311688
9.2,36.2,6.7,6434.444444444444,47.9,1.3232044198895025
10.5,32.8,10.5,6002.222222222222,46.2,1.4085365853658538
2.1,33.8,10.8,7446.666666666666,53.300000000000004,1.576923076923077
2.3,33.2,10.7,7416.111111111111,53.8,1.620481927710843
1.8,34.6,10.0,7521.666666666666,53.599999999999994,1.5491329479768783
2.0,39.4,7.5,7681.111111111111,51.1,1.2969543147208122
2.2,40.6,7.2,7706.111111111111,50.0,1.2315270935960592
4.1,36.6,19.8,5906.111111111111,39.5,1.0792349726775956
12.6,33.5,24.7,4858.333333333333,29.200000000000003,0.8716417910447762
13.7,31.1,22.7,4851.666666666667,32.5,1.045016077170418
18.5,28.7,16.2,4924.444444444444,36.599999999999994,1.2752613240418116
14.4,34.7,16.6,5220.0,34.3,0.988472622478386
13.7,36.3,12.3,5712.222222222222,37.7,1.0385674931129478
11.5,34.6,22.3,4889.444444444444,31.599999999999994,0.913294797687861
3.5,35.4,14.7,6628.333333333333,46.400000000000006,1.3107344632768363
2.5,38.7,7.3,7493.888888888889,51.5,1.3307493540051678
15.3,35.9,10.2,5541.111111111111,38.6,1.075208913649025
14.2,31.7,17.9,5033.333333333333,36.2,1.1419558359621451
19.1,30.4,10.8,5121.666666666667,39.7,1.3059210526315792
19.4,31.2,11.1,5091.111111111111,38.3,1.2275641025641024
20.2,30.7,9.4,5236.111111111111,39.7,1.2931596091205213
13.8,31.4,9.7,5786.666666666667,45.1,1.4363057324840764
16.6,33.8,8.3,5633.333333333333,41.3,1.2218934911242603
12.1,34.3,5.7,6341.666666666666,47.900000000000006,1.3965014577259478
12.4,37.2,7.4,6122.222222222222,43.0,1.1559139784946235
11.5,37.0,9.5,6093.888888888889,42.0,1.135135135135135
13.1,36.4,5.7,6226.111111111111,44.8,1.2307692307692308
11.8,36.3,9.3,6060.555555555556,42.6,1.1735537190082646
15.1,35.3,3.5,6181.111111111111,46.1,1.3059490084985836
13.6,34.6,3.2,6297.777777777777,48.599999999999994,1.404624277456647
13.3,36.8,6.2,6103.333333333333,43.7,1.1875000000000002
10.4,35.2,8.8,6150.555555555556,45.599999999999994,1.2954545454545452
11.0,33.1,9.7,6048.888888888889,46.2,1.3957703927492446
7.1,34.6,12.0,6250.0,46.3,1.338150289017341
7.1,31.7,21.3,5395.0,39.900000000000006,1.2586750788643535
20.4,34.7,7.2,5247.222222222222,37.7,1.0864553314121037
19.7,35.1,8.2,5283.333333333333,37.0,1.054131054131054
18.4,35.0,10.3,5156.111111111111,36.3,1.0371428571428571
17.2,33.4,14.6,4995.555555555556,34.80000000000001,1.041916167664671
19.7,34.6,5.8,5479.444444444444,39.9,1.153179190751445
2.5,35.7,16.2,6732.222222222222,45.599999999999994,1.2773109243697476
12.0,27.5,21.2,4847.777777777777,39.3,1.429090909090909
1.1,36.9,18.5,6828.888888888889,43.5,1.1788617886178863
1.9,34.3,19.1,6616.666666666666,44.7,1.3032069970845483
1.5,35.8,10.3,7486.111111111111,52.400000000000006,1.4636871508379892
1.3,23.4,18.0,6933.888888888889,57.3,2.448717948717949
1.1,25.3,23.0,6431.666666666666,50.599999999999994,1.9999999999999998
2.1,37.3,11.2,7052.777777777777,49.400000000000006,1.3243967828418233
2.1,40.0,8.0,7358.888888888889,49.9,1.2475
2.3,35.0,17.7,6376.111111111111,45.0,1.2857142857142858
2.4,33.4,16.4,6615.0,47.800000000000004,1.4311377245508985
4.9,27.7,13.2,6521.111111111111,54.2,1.9566787003610109
3.8,37.9,5.4,7267.777777777777,52.900000000000006,1.3957783641160952
9.7,32.6,20.9,5183.888888888889,36.8,1.1288343558282208
10.5,32.5,19.1,5117.222222222222,37.9,1.166153846153846
18.2,30.9,6.0,5524.444444444444,44.900000000000006,1.453074433656958
15.5,28.4,18.3,4779.444444444444,37.800000000000004,1.330985915492958
17.5,32.1,6.5,5490.555555555556,43.9,1.3676012461059188
15.7,32.6,5.8,5783.333333333333,45.9,1.4079754601226993
15.1,29.4,15.7,5039.444444444444,39.800000000000004,1.3537414965986396
16.8,31.7,6.0,5678.333333333333,45.5,1.4353312302839116
15.0,28.2,17.0,4942.222222222222,39.8,1.4113475177304964
16.4,35.7,5.5,5777.222222222222,42.4,1.187675070028011
14.7,36.4,5.5,5917.777777777777,43.400000000000006,1.1923076923076925
15.7,35.5,5.4,5824.444444444444,43.4,1.2225352112676056
12.2,35.9,8.2,5946.666666666667,43.7,1.2172701949860725
14.5,31.5,12.3,5408.888888888889,41.7,1.323809523809524
14.5,34.5,11.3,5425.0,39.7,1.1507246376811595
15.8,34.9,5.5,5871.111111111111,43.8,1.2550143266475644
12.5,34.8,7.2,5994.444444444444,45.5,1.3074712643678161
16.3,36.2,4.1,5795.555555555556,43.4,1.1988950276243093
12.3,35.7,5.6,6155.0,46.4,1.299719887955182
1.7,28.7,11.3,7473.333333333333,58.3,2.0313588850174216
1.8,33.0,6.0,7947.777777777777,59.2,1.793939393939394
9.7,35.1,23.1,4805.0,32.099999999999994,0.9145299145299143
10.0,32.2,21.0,5091.111111111111,36.8,1.1428571428571426
6.5,30.8,18.4,5331.666666666667,44.3,1.4383116883116882
6.2,31.7,20.3,5238.333333333333,41.8,1.3186119873817035
5.9,32.2,21.5,5212.222222222222,40.4,1.2546583850931676
20.4,27.6,8.7,5173.333333333333,43.3,1.5688405797101448
8.2,41.1,6.2,6700.555555555556,44.5,1.0827250608272505
6.8,42.1,11.7,6331.666666666666,39.4,0.9358669833729215
8.4,36.8,12.6,6042.777777777777,42.2,1.1467391304347827
8.5,41.5,5.3,6746.111111111111,44.7,1.07710843373494
8.4,39.5,9.3,6362.222222222222,42.8,1.0835443037974684
8.4,38.2,12.7,6065.555555555556,40.699999999999996,1.0654450261780102
11.2,33.6,14.0,5591.666666666667,41.2,1.2261904761904763
5.6,35.5,14.6,6273.333333333333,44.3,1.2478873239436619
6.8,31.9,18.6,5725.555555555556,42.7,1.3385579937304077
5.3,36.0,14.0,6395.0,44.7,1.2416666666666667
5.8,36.1,11.0,6590.0,47.099999999999994,1.304709141274238
5.2,31.1,23.0,5761.111111111111,40.7,1.3086816720257235
5.9,31.4,24.4,5481.111111111111,38.300000000000004,1.2197452229299366
5.7,37.7,8.6,6848.333333333333,48.0,1.273209549071618
7.2,36.1,8.7,6674.444444444444,48.0,1.3296398891966759
12.7,31.4,23.9,4825.555555555556,32.0,1.019108280254777
12.6,31.6,21.9,4908.333333333333,33.900000000000006,1.0727848101265824
13.1,32.1,18.8,5190.555555555556,36.0,1.1214953271028036
13.1,32.2,22.9,4816.666666666667,31.799999999999997,0.9875776397515527
12.3,33.0,20.7,5006.666666666667,34.0,1.0303030303030303
15.8,32.4,11.6,5550.0,40.2,1.240740740740741
14.9,30.5,15.7,5311.111111111111,38.9,1.2754098360655737
16.2,30.8,20.0,4812.777777777777,33.0,1.0714285714285714
12.5,31.0,21.7,4968.333333333333,34.8,1.1225806451612903
16.1,30.4,14.0,5227.222222222222,39.5,1.299342105263158
12.2,31.1,22.0,4968.333333333333,34.69999999999999,1.1157556270096458
11.5,33.1,19.5,5354.444444444444,35.900000000000006,1.084592145015106
4.6,30.7,26.3,5042.777777777777,38.400000000000006,1.2508143322475571
13.4,33.5,16.9,5328.888888888889,36.2,1.0805970149253732
8.8,34.0,14.7,5956.666666666667,42.5,1.25
7.8,39.2,7.7,6655.555555555556,45.3,1.155612244897959
6.0,40.1,14.6,5961.111111111111,39.3,0.9800498753117206
8.5,32.4,18.7,5419.444444444444,40.400000000000006,1.2469135802469138
11.2,34.1,17.5,5357.222222222222,37.2,1.090909090909091
7.6,31.9,15.3,5398.333333333333,45.2,1.4169278996865204
11.6,34.7,11.8,5631.666666666667,41.9,1.2074927953890489
11.0,31.7,16.2,5237.222222222222,41.1,1.2965299684542588
16.0,30.5,8.4,5503.333333333333,45.1,1.478688524590164
17.6,30.7,7.1,5451.666666666667,44.599999999999994,1.4527687296416936
10.4,32.1,13.0,5910.555555555556,44.5,1.3862928348909658
11.0,29.0,17.4,5519.444444444444,42.6,1.4689655172413794
10.5,30.1,12.6,5950.0,46.8,1.554817275747508
11.4,30.2,11.7,6005.0,46.7,1.54635761589404
11.4,32.4,8.1,6254.444444444444,48.1,1.484567901234568
9.9,32.0,12.1,6076.666666666667,46.0,1.4375
9.0,33.7,13.5,6018.333333333333,43.8,1.2997032640949553
8.1,28.5,20.9,5425.555555555556,42.5,1.4912280701754386
10.1,37.7,4.8,6686.666666666666,47.4,1.2572944297082227
9.5,35.4,6.9,6583.888888888889,48.2,1.361581920903955
9.3,35.1,10.2,6309.444444444444,45.4,1.2934472934472934
10.4,32.2,10.1,6285.555555555556,47.3,1.4689440993788818
9.3,30.1,12.1,6245.0,48.5,1.611295681063123
9.5,31.7,14.9,5949.444444444444,43.900000000000006,1.3848580441640381
7.9,33.1,16.9,5987.222222222222,42.1,1.2719033232628398
9.2,36.5,9.8,6441.666666666666,44.5,1.2191780821917808
2.8,38.9,10.6,6965.555555555556,47.7,1.2262210796915167
2.7,38.2,10.2,7089.444444444444,48.9,1.2801047120418847
2.5,39.2,5.2,7594.444444444444,53.099999999999994,1.3545918367346936
2.4,40.0,6.1,7530.0,51.5,1.2875
2.5,35.7,14.9,6716.111111111111,46.9,1.3137254901960782
3.6,40.0,2.7,7534.444444444444,53.7,1.3425
3.8,37.4,9.3,6941.111111111111,49.5,1.3235294117647058
3.0,31.9,23.1,5842.777777777777,42.0,1.316614420062696
2.7,33.7,21.2,6096.111111111111,42.4,1.258160237388724
2.8,36.0,13.8,6735.0,47.4,1.3166666666666667
3.1,35.8,14.1,6658.888888888889,47.0,1.3128491620111733
2.6,38.8,5.8,7445.555555555556,52.800000000000004,1.3608247422680415
2.5,37.3,10.4,7098.888888888889,49.800000000000004,1.3351206434316356
2.9,33.9,17.9,6400.555555555556,45.300000000000004,1.336283185840708
1.8,36.8,23.1,6226.666666666666,38.3,1.0407608695652173
20.1,35.1,15.2,4790.555555555556,29.599999999999994,0.8433048433048431
19.5,32.3,7.6,5106.666666666667,40.6,1.256965944272446
20.7,30.5,5.2,5331.666666666667,43.6,1.4295081967213115
20.6,29.3,6.7,5233.888888888889,43.4,1.4812286689419794
20.3,30.5,3.7,5438.333333333333,45.5,1.4918032786885247
14.2,32.5,13.0,4775.555555555556,40.3,1.24
12.85,32.69,10.19,5456.666666666667,44.27,1.3542367696543287
13.49,33.37,10.07,5461.666666666667,43.07,1.2906802517231046
11.59,40.37,8.43,5586.111111111111,39.61,0.9811741392122864
6.93,36.78,8.62,6446.666666666666,47.67,1.296084828711256
5.93,37.8,14.87,6070.0,41.400000000000006,1.0952380952380956
6.32,35.43,12.33,6278.888888888889,45.92,1.2960767710979397
13.1,40.8,6.5,5653.888888888889,39.6,0.9705882352941178
4.1,36.3,13.6,6573.888888888889,46.0,1.2672176308539946
11.3,31.0,8.3,5989.444444444444,49.4,1.5935483870967742
10.3,32.4,10.4,5930.555555555556,46.9,1.4475308641975309
3.08,37.18,4.66,7541.111111111111,55.08,1.481441635287789
1.44,30.55,12.26,7392.777777777777,55.75,1.8248772504091653
18.1,33.0,9.3,5202.777777777777,39.599999999999994,1.1999999999999997
19.4,31.8,6.5,5348.333333333333,42.3,1.3301886792452828
16.8,31.4,16.4,4833.888888888889,35.400000000000006,1.1273885350318473
11.5,34.1,13.8,5637.777777777777,40.599999999999994,1.190615835777126
11.9,35.5,9.1,5996.111111111111,43.5,1.2253521126760563
7.1,36.5,15.0,5957.222222222222,41.4,1.1342465753424658
9.6,37.0,9.9,6211.666666666666,43.5,1.1756756756756757
11.9,30.9,15.8,5282.222222222222,41.4,1.3398058252427185
10.4,31.1,18.9,5076.111111111111,39.6,1.2733118971061093
14.0,33.3,17.5,4992.777777777777,35.2,1.0570570570570572
15.6,31.6,8.3,5637.777777777777,44.5,1.4082278481012658
15.2,37.4,10.3,5438.333333333333,37.1,0.9919786096256685
14.4,34.0,11.4,5387.777777777777,40.2,1.1823529411764706
16.6,30.5,11.5,5198.888888888889,41.4,1.3573770491803279
20.2,32.7,4.4,5495.555555555556,42.699999999999996,1.3058103975535165
10.6,30.7,18.7,5295.555555555556,40.0,1.3029315960912053
12.1,34.7,9.1,5975.0,44.099999999999994,1.2708933717579247
11.2,35.5,7.6,6175.555555555556,45.7,1.287323943661972
12.3,36.5,10.8,5804.444444444444,40.4,1.106849315068493
20.2,33.5,8.7,5190.0,37.6,1.1223880597014926
10.0,34.4,13.0,5850.555555555556,42.6,1.238372093023256
5.9,34.1,19.7,5542.777777777777,40.3,1.1818181818181817
8.9,32.2,13.2,5046.111111111111,45.699999999999996,1.419254658385093
1.9,37.2,17.1,6670.555555555556,43.8,1.1774193548387095
1.9,37.1,15.8,6851.111111111111,45.2,1.2183288409703503
2.0,38.1,13.4,7055.555555555556,46.5,1.220472440944882
2.3,30.4,25.8,5846.666666666667,41.5,1.3651315789473686
1.9,34.8,18.1,6634.444444444444,45.2,1.2988505747126438
1.9,35.4,16.2,6869.444444444444,46.5,1.3135593220338984
2.4,33.3,17.7,6663.888888888889,46.60000000000001,1.3993993993993998
2.1,32.7,13.7,7104.444444444444,51.5,1.5749235474006116
8.7,30.1,26.5,4966.666666666667,34.69999999999999,1.1528239202657804
8.1,38.0,20.9,5368.333333333333,33.0,0.868421052631579
6.87,39.69,15.68,5976.111111111111,37.760000000000005,0.9513731418493325
4.51,35.18,15.68,6262.222222222222,44.63,1.2686185332575328
4.1,37.07,12.31,6673.333333333333,46.519999999999996,1.254923118424602
5.34,35.72,6.07,7106.111111111111,52.870000000000005,1.4801231802911536
6.68,35.58,13.39,6414.444444444444,44.35,1.246486790331647
6.93,34.17,11.78,6399.444444444444,47.12,1.378987415861867
6.5,35.18,6.36,6925.555555555556,51.96,1.4769755542922116
11.61,33.18,4.08,6067.222222222222,51.13,1.5409885473176614
7.67,36.09,9.98,6136.666666666667,46.26,1.281795511221945
2.44,30.15,27.26,5676.666666666667,40.15,1.3316749585406302
10.47,41.2,13.92,5141.666666666667,34.41,0.8351941747572814
2.75,38.8,12.41,6908.333333333333,46.040000000000006,1.1865979381443301
15.7,35.46,15.45,4950.0,33.39,0.9416243654822335
16.74,32.3,13.74,4908.888888888889,37.220000000000006,1.152321981424149
18.81,28.43,14.04,4879.444444444444,38.720000000000006,1.3619416109743232
20.1,32.72,1.84,5787.222222222222,45.34,1.3856968215158925
15.45,31.65,7.62,5780.555555555556,45.28,1.4306477093206953
15.1,32.9,9.23,5591.111111111111,42.77,1.3
14.95,32.64,5.24,6005.0,47.17,1.4451593137254901
14.22,29.85,14.04,5406.111111111111,41.89,1.4033500837520938
15.3,34.5,3.7,6038.888888888889,46.5,1.3478260869565217
16.6,33.8,3.3,5924.444444444444,46.3,1.3698224852071006
15.4,34.3,7.5,5693.888888888889,42.800000000000004,1.2478134110787173
15.0,33.3,8.3,5693.888888888889,43.400000000000006,1.3033033033033037
19.5,30.0,4.5,5561.666666666667,46.0,1.5333333333333334
16.4,32.2,5.7,5770.555555555556,45.7,1.4192546583850931
16.1,32.8,4.1,5889.444444444444,47.0,1.4329268292682928
15.6,33.1,6.5,5781.666666666667,44.8,1.3534743202416917
16.4,31.3,4.8,5848.888888888889,47.5,1.5175718849840256
16.1,32.1,4.8,5865.0,47.0,1.4641744548286604
15.2,33.4,4.4,6020.0,47.0,1.407185628742515
14.5,32.1,7.0,5864.444444444444,46.4,1.4454828660436136
18.4,29.5,5.8,5594.444444444444,46.3,1.5694915254237287
18.2,30.6,9.4,5197.222222222222,41.8,1.3660130718954246
18.2,31.5,6.7,5461.666666666667,43.6,1.384126984126984
17.8,32.8,3.6,5772.777777777777,45.8,1.3963414634146343
17.1,33.4,4.0,5824.444444444444,45.5,1.3622754491017965
16.2,32.0,7.1,5643.888888888889,44.7,1.396875
16.16,36.13,6.38,5636.666666666667,41.33,1.1439247163022417
15.8,31.44,9.73,5484.444444444444,43.03,1.3686386768447838
16.01,31.86,6.66,5693.333333333333,45.47,1.4271814187068423
16.35,31.08,8.2,5547.222222222222,44.370000000000005,1.427606177606178
15.9,33.11,4.73,5852.222222222222,46.26,1.3971609785563273
14.51,32.76,9.99,5563.333333333333,42.74,1.304639804639805
15.94,30.16,9.45,5486.111111111111,44.45,1.4738063660477454
17.51,29.81,6.29,5592.222222222222,46.39,1.556189198255619
12.61,31.31,14.97,5400.555555555556,41.11,1.312999041839668
15.61,31.45,8.69,5657.777777777777,44.25,1.4069952305246423
14.11,32.4,10.49,5632.777777777777,43.0,1.3271604938271606
20.26,30.75,3.84,5537.777777777777,45.15,1.4682926829268292
19.59,30.15,4.28,5547.222222222222,45.980000000000004,1.5250414593698178
14.12,30.29,17.04,4961.111111111111,38.550000000000004,1.2726972598217234
14.25,28.78,17.0,4973.333333333333,39.97,1.3888116747741486
17.51,30.57,4.88,5733.888888888889,47.04,1.5387634936211971
14.46,33.02,10.14,5572.777777777777,42.379999999999995,1.2834645669291336
16.81,31.77,8.88,5533.333333333333,42.540000000000006,1.338999055712937
12.31,32.26,13.48,5272.222222222222,41.95,1.3003719776813394
13.65,32.7,6.52,5830.555555555556,47.129999999999995,1.4412844036697245
14.35,30.39,11.07,5432.777777777777,44.19,1.4540967423494569
16.41,31.81,9.77,5372.222222222222,42.010000000000005,1.32065388242691
15.55,32.08,8.77,5505.0,43.6,1.3591022443890275
12.81,28.87,20.75,4780.555555555556,37.56999999999999,1.30135088326983
16.66,32.99,2.68,5894.444444444444,47.67,1.4449833282812974
17.2,30.97,12.25,5083.888888888889,39.58,1.2780109783661608
16.66,32.05,4.01,5759.444444444444,47.28,1.4751950078003122
18.08,32.27,4.6,5593.888888888889,45.05,1.3960334676169814
17.33,31.91,5.94,5566.111111111111,44.82,1.4045753682231275
17.79,33.45,8.54,5296.666666666667,40.22,1.2023916292974588
17.16,30.51,14.32,4970.0,38.01,1.245821042281219
16.62,33.17,4.62,5753.888888888889,45.589999999999996,1.3744347301778714
16.43,33.55,6.91,5586.111111111111,43.11,1.2849478390461997
17.4,33.84,2.59,5727.222222222222,46.17,1.3643617021276595
16.49,33.63,7.45,5439.444444444444,42.43,1.2616711269699672
17.84,28.36,8.27,5531.666666666667,45.53,1.6054301833568407
7.2,36.0,7.68,6760.0,49.120000000000005,1.3644444444444446
1.39,38.74,8.15,7611.111111111111,51.72,1.335054207537429
2.27,36.02,11.03,7254.444444444444,50.68,1.4069961132704052
1.66,34.37,4.4,8050.555555555556,59.57,1.7331975560081467
2.34,31.42,4.93,8025.555555555556,61.31,1.951304901336728
4.4,36.3,12.9,6727.777777777777,46.400000000000006,1.2782369146005512
1.6,35.8,16.2,6638.888888888889,46.400000000000006,1.2960893854748605
8.5,40.15,9.5,6522.222222222222,41.85,1.0423412204234124
8.2,41.4,11.7,6350.0,38.7,0.9347826086956523
1.6,28.6,11.1,7494.444444444444,58.7,2.0524475524475525
2.0,27.8,10.9,7511.111111111111,59.3,2.133093525179856
4.8,46.5,6.0,7155.555555555556,42.7,0.9182795698924732
5.7,38.1,16.7,6044.444444444444,39.5,1.0367454068241468
5.2,42.3,6.9,6955.555555555556,45.6,1.0780141843971631
3.8,45.3,8.0,7138.888888888889,42.900000000000006,0.947019867549669
3.83,40.84,13.65,6530.0,41.67999999999999,1.0205680705190987
7.99,37.43,13.27,6031.666666666667,41.31,1.1036601656425329
2.01,20.89,9.2,7687.222222222222,67.9,3.250359023456199
9.6,38.4,9.2,6211.111111111111,42.800000000000004,1.1145833333333335
9.2,30.4,18.7,5377.777777777777,41.7,1.3717105263157896
1.7,34.2,14.5,6955.555555555556,49.599999999999994,1.4502923976608184
6.4,38.3,3.0,6911.111111111111,52.300000000000004,1.3655352480417757
7.7,37.6,9.9,6027.777777777777,44.8,1.1914893617021276
10.4,39.0,4.1,6438.888888888889,46.5,1.1923076923076923
7.0,38.1,7.6,6422.222222222222,47.3,1.2414698162729658
5.7,35.2,17.8,5777.777777777777,41.3,1.1732954545454544
10.9,36.7,7.2,6011.111111111111,45.199999999999996,1.2316076294277927
8.0,36.6,9.4,6183.333333333333,46.0,1.256830601092896
17.9,31.9,14.4,5094.444444444444,35.80000000000001,1.1222570532915364
1.0,21.4,3.2,8294.444444444443,74.4,3.476635514018692
8.9,36.9,8.9,6166.666666666666,45.3,1.2276422764227641
2.2,33.7,23.0,5605.555555555556,41.099999999999994,1.2195845697329375
4.1,33.4,17.3,5761.111111111111,45.2,1.353293413173653
2.8,39.8,8.9,7194.444444444444,48.5,1.2185929648241207
4.2,41.4,6.2,7211.111111111111,48.2,1.1642512077294687
2.9,41.6,7.8,7122.222222222222,47.7,1.1466346153846154
8.6,34.9,17.1,5450.555555555556,39.4,1.1289398280802292
9.0,36.8,16.0,5587.222222222222,38.2,1.0380434782608696
14.2,36.7,10.2,5832.222222222222,38.9,1.0599455040871932
13.8,34.6,12.4,5677.222222222222,39.199999999999996,1.1329479768786126
12.8,35.3,11.6,5759.444444444444,40.300000000000004,1.1416430594900853
13.8,35.1,9.5,5922.777777777777,41.599999999999994,1.185185185185185
13.1,33.0,16.3,5215.555555555556,37.6,1.1393939393939394
13.7,34.2,9.3,5841.666666666667,42.8,1.2514619883040934
14.7,34.2,9.1,5900.555555555556,42.0,1.2280701754385963
14.2,33.1,12.0,5598.333333333333,40.7,1.229607250755287
14.9,35.8,11.8,5585.0,37.5,1.047486033519553
10.8,38.8,6.2,6237.777777777777,44.2,1.139175257731959
11.3,36.8,7.7,6110.555555555556,44.2,1.2010869565217392
12.1,37.1,7.1,5972.777777777777,43.7,1.1778975741239892
12.7,30.8,14.3,5526.111111111111,42.2,1.37012987012987
11.1,31.8,14.7,5605.0,42.400000000000006,1.3333333333333335
9.7,31.3,15.1,5731.111111111111,43.900000000000006,1.4025559105431311
10.4,33.5,11.3,6091.666666666667,44.8,1.3373134328358207
1.2,20.4,3.5,8256.111111111111,74.9,3.671568627450981
2.6,32.1,9.7,7204.444444444444,55.6,1.7320872274143302
1.6,20.3,2.6,8313.888888888889,75.5,3.7192118226600983
1.9,30.5,7.1,7687.222222222222,60.5,1.9836065573770492
8.8,28.9,18.6,5522.222222222222,43.7,1.5121107266435987
10.2,30.5,16.2,5718.333333333333,43.1,1.4131147540983606
4.6,41.5,7.4,7034.444444444444,46.5,1.1204819277108433
5.1,29.8,23.3,5462.777777777777,41.8,1.4026845637583891
4.9,28.6,13.6,6483.888888888889,52.9,1.8496503496503496
13.3,31.7,13.3,5429.444444444444,41.7,1.3154574132492114
11.2,34.4,11.1,5976.111111111111,43.300000000000004,1.2587209302325584
8.3,34.2,14.3,6091.111111111111,43.199999999999996,1.2631578947368418
2.5,30.8,14.7,6881.111111111111,52.0,1.6883116883116882
3.5,36.6,13.7,6891.111111111111,46.2,1.2622950819672132
11.2,37.3,12.9,5825.0,38.6,1.03485254691689
1.0,29.5,8.2,7744.444444444444,61.3,2.077966101694915
2.6,38.6,4.8,7788.888888888889,54.0,1.398963730569948
2.5,36.1,10.1,7190.555555555556,51.3,1.4210526315789471
2.7,35.4,14.1,6884.444444444444,47.8,1.350282485875706
3.0,34.7,15.5,6732.222222222222,46.8,1.3487031700288183
2.3,35.1,14.8,6876.111111111111,47.8,1.3618233618233617
2.9,34.1,14.1,6885.555555555556,48.9,1.4340175953079177
8.46,30.66,11.85,6187.777777777777,49.03,1.5991519895629485
9.06,35.13,3.96,6590.555555555556,51.849999999999994,1.4759464844861938
5.7,33.4,4.8,7489.444444444444,56.1,1.6796407185628743
5.7,32.4,7.4,7217.222222222222,54.5,1.682098765432099
2.7,42.2,5.2,7671.111111111111,49.9,1.1824644549763033
3.0,44.4,4.9,7696.111111111111,47.7,1.0743243243243243
2.9,43.2,6.5,7554.444444444444,47.4,1.097222222222222
0.8,22.7,7.5,8058.333333333333,69.0,3.039647577092511
12.7,33.1,9.2,5721.666666666667,45.0,1.3595166163141994
4.5,36.0,5.7,7235.0,53.8,1.4944444444444445
5.5,35.4,11.8,6475.0,47.3,1.3361581920903955
6.8,33.3,14.4,6151.666666666666,45.5,1.3663663663663665
10.5,34.7,7.6,6320.0,47.199999999999996,1.360230547550432
12.1,33.6,8.7,6015.555555555556,45.6,1.3571428571428572
8.8,33.9,7.8,6390.0,49.5,1.4601769911504425
16.6,32.64,6.77,5717.222222222222,43.989999999999995,1.3477328431372548
17.35,32.25,7.15,5595.555555555556,43.25,1.3410852713178294
5.73,37.58,8.96,6510.555555555556,47.730000000000004,1.2700904736562002
9.23,32.76,9.39,5816.666666666667,48.620000000000005,1.4841269841269844
9.1,35.3,12.9,5175.0,42.7,1.209631728045326
9.91,31.59,4.23,6603.333333333333,54.269999999999996,1.7179487179487178
13.49,33.81,6.19,5792.777777777777,46.51,1.375628512274475
0.93,24.57,5.63,8202.777777777777,68.87,2.803011803011803
12.3,35.6,13.4,5300.0,38.699999999999996,1.0870786516853932
4.9,37.81,13.71,6370.555555555556,43.58,1.1526051309177465
4.49,38.25,13.03,6481.111111111111,44.230000000000004,1.1563398692810458
6.4,36.15,15.8,5939.444444444444,41.65,1.152143845089903
13.65,34.85,12.75,5630.555555555556,38.75,1.1119081779053084
14.6,38.67,11.15,5441.666666666667,35.58,0.9200930954228083
11.8,35.95,17.95,5201.111111111111,34.3,0.9541029207232266
3.05,34.6,14.9,6640.0,47.45,1.3713872832369942
19.53,31.49,11.73,5059.444444444444,37.25,1.1829152111781518
12.62,37.12,6.56,6240.555555555556,43.7,1.1772629310344829
14.02,32.42,10.16,5700.0,43.4,1.338679827267119
10.15,33.85,10.6,5886.666666666667,45.4,1.3412112259970457
20.54,33.92,5.13,5462.777777777777,40.41,1.191332547169811
2.26,36.46,10.87,7120.0,50.41,1.3826110806363137
2.2,33.51,15.66,6605.0,48.63,1.4512085944494182
4.73,31.56,9.15,7001.111111111111,54.56,1.728770595690748
16.45,35.51,3.85,5921.666666666667,44.19,1.2444381864263587
9.86,32.98,19.78,5236.666666666667,37.38,1.1334141904184356
6.75,36.09,9.47,6505.555555555556,47.69,1.3214186755333885
5.75,32.85,17.0,6160.555555555556,44.4,1.3515981735159817
14.1,32.95,13.65,5222.222222222222,39.3,1.1927162367223063
9.25,34.46,19.89,5232.222222222222,36.4,1.0562971561230412
14.3,33.75,2.95,6155.555555555556,49.0,1.451851851851852
13.65,33.75,3.95,6148.888888888889,48.65,1.4414814814814814
10.18,32.46,8.8,6054.444444444444,48.56,1.4959950708564387
1.8,35.66,5.54,7705.0,57.0,1.598429613011778
3.27,33.89,16.83,6350.555555555556,46.010000000000005,1.3576276187665979
9.37,36.72,8.45,6263.888888888889,45.46,1.2380174291939
13.89,31.61,14.34,5282.222222222222,40.16,1.2704840240430242
15.82,32.54,8.39,5550.555555555556,43.25,1.3291333743085434
17.42,30.55,7.96,5410.0,44.06999999999999,1.4425531914893615
16.5,32.84,5.5,5316.666666666667,45.16,1.3751522533495735
13.3,34.3,13.1,5788.888888888889,39.300000000000004,1.1457725947521868
11.0,38.0,11.8,6088.888888888889,39.2,1.0315789473684212
3.7,44.0,5.4,7372.222222222222,46.9,1.065909090909091
7.7,38.6,14.4,5905.555555555556,39.3,1.0181347150259066
4.8,37.3,17.0,5977.777777777777,40.900000000000006,1.0965147453083113
4.7,34.1,14.9,6161.111111111111,46.3,1.3577712609970674
9.37,33.88,12.5,5852.777777777777,44.25,1.3060802833530105
11.7,34.3,11.1,5753.888888888889,42.900000000000006,1.2507288629737612
6.1,35.1,3.5,7387.222222222222,55.3,1.5754985754985753
1.0,22.0,8.5,7856.111111111111,68.5,3.1136363636363638
2.6,30.8,4.5,7962.777777777777,62.1,2.0162337662337664
12.0,34.7,9.7,5866.111111111111,43.599999999999994,1.2564841498559076
3.2,37.7,7.3,7295.555555555556,51.8,1.3740053050397876
4.95,36.85,4.29,7348.888888888889,53.91,1.4629579375848032
5.2,35.1,14.6,6380.0,45.099999999999994,1.2849002849002846
9.7,33.38,2.93,6316.666666666666,53.989999999999995,1.6174355901737565
17.44,33.14,4.88,5316.666666666667,44.54,1.343995171997586
9.58,36.9,5.26,6372.222222222222,48.260000000000005,1.3078590785907862
19.19,31.07,8.95,5343.333333333333,40.79,1.3128419697457354
2.28,38.01,11.79,6991.666666666666,47.92,1.2607208629308078
1.67,27.96,18.57,6771.111111111111,51.8,1.8526466380543631
16.74,31.93,4.96,5721.666666666667,46.370000000000005,1.4522392734105858
13.9,35.23,8.18,5797.222222222222,42.690000000000005,1.2117513482827138
11.62,33.53,14.38,5364.444444444444,40.47,1.2069788249328959
14.57,31.44,12.51,5481.666666666667,41.480000000000004,1.3193384223918576
8.0,33.1,25.8,4900.0,33.099999999999994,0.9999999999999998
10.2,41.2,4.7,6372.222222222222,43.9,1.0655339805825241
8.6,40.0,9.1,6061.111111111111,42.3,1.0574999999999999
8.38,35.29,8.92,6154.444444444444,47.41,1.3434400680079341
1.9,38.9,10.9,7174.444444444444,48.3,1.2416452442159382
17.75,31.42,11.91,4904.444444444444,38.92,1.2387014640356462
10.13,35.4,10.16,5115.0,44.31,1.2516949152542374
4.6,38.57,8.02,6866.111111111111,48.81,1.2654913144931295
6.08,38.77,9.07,6581.111111111111,46.08,1.1885478462728913
13.52,33.74,4.17,6105.0,48.57,1.439537640782454
1.44,29.37,13.98,7320.0,55.21,1.8798093292475315
15.03,31.32,8.18,5695.0,45.47,1.4517879948914432
19.85,34.32,11.48,4900.555555555556,34.349999999999994,1.0008741258741256
5.98,36.03,9.2,6468.888888888889,48.79,1.3541493200111019
19.6,37.5,4.5,5471.666666666667,38.4,1.024
9.41,36.25,9.63,6136.666666666667,44.71,1.2333793103448276
6.05,31.79,6.91,6882.222222222222,55.25,1.7379679144385027
12.71,35.87,5.86,5975.555555555556,45.56,1.270142180094787
6.49,32.0,12.95,6331.666666666666,48.56,1.5175
9.3,41.9,9.4,6427.777777777777,39.4,0.9403341288782816
15.5,35.9,14.2,5422.222222222222,34.400000000000006,0.9582172701949863
9.9,39.1,8.4,6483.333333333333,42.599999999999994,1.0895140664961636
6.6,40.6,18.6,5594.444444444444,34.19999999999999,0.8423645320197041
7.8,39.8,11.3,6588.888888888889,41.1,1.0326633165829147
10.5,38.0,7.1,6572.222222222222,44.4,1.1684210526315788
3.4,35.1,17.0,6450.0,44.5,1.2678062678062678
3.9,37.2,16.2,6588.888888888889,42.7,1.1478494623655915
1.8,24.7,10.2,7522.222222222222,63.3,2.562753036437247
2.6,34.4,6.1,7822.222222222222,56.900000000000006,1.6540697674418607
4.2,39.3,7.5,7283.333333333333,49.0,1.246819338422392
3.2,31.0,22.1,6155.555555555556,43.7,1.4096774193548387
3.5,34.4,10.7,7150.0,51.400000000000006,1.4941860465116281
4.7,35.5,11.8,6688.888888888889,48.0,1.352112676056338
2.8,33.6,10.7,7161.111111111111,52.9,1.5744047619047619
3.1,31.4,18.1,6533.333333333333,47.4,1.5095541401273886
2.5,34.0,8.8,7416.666666666666,54.7,1.6088235294117648
3.1,36.5,9.0,7327.777777777777,51.4,1.4082191780821918
2.6,33.2,9.5,7400.0,54.699999999999996,1.647590361445783
3.0,34.7,15.2,6661.111111111111,47.099999999999994,1.3573487031700286
3.2,34.7,5.5,7800.0,56.599999999999994,1.631123919308357
2.6,33.3,15.7,6855.555555555556,48.400000000000006,1.4534534534534538
5.5,36.0,8.4,7216.666666666666,50.1,1.3916666666666666
2.4,34.0,6.4,7755.555555555556,57.2,1.6823529411764706
4.2,35.3,3.2,7805.555555555556,57.300000000000004,1.6232294617563743
2.2,33.9,7.2,7605.555555555556,56.7,1.672566371681416
5.9,33.0,9.6,6877.777777777777,51.5,1.5606060606060606
2.1,26.2,9.4,7694.444444444444,62.3,2.377862595419847
2.4,22.9,6.4,7950.0,68.3,2.982532751091703
3.0,25.1,8.9,7655.555555555556,63.0,2.50996015936255
4.9,24.0,4.8,7922.222222222222,66.3,2.7624999999999997
2.0,37.8,13.5,6888.888888888889,46.7,1.2354497354497356
2.0,34.4,19.0,6455.555555555556,44.6,1.2965116279069768
1.7,40.2,13.7,6783.333333333333,44.4,1.1044776119402984
2.7,33.5,16.3,6572.222222222222,47.5,1.4179104477611941
1.6,41.9,10.6,7150.0,45.900000000000006,1.0954653937947496
1.8,37.7,12.4,6972.222222222222,48.099999999999994,1.275862068965517
3.2,32.7,16.4,6677.777777777777,47.7,1.4587155963302751
2.4,27.6,21.4,6355.555555555556,48.6,1.7608695652173914
11.5,33.5,4.0,6961.111111111111,51.0,1.5223880597014925
4.3,29.9,7.8,6644.444444444444,58.0,1.939799331103679
2.9,30.7,9.9,6972.222222222222,56.5,1.8403908794788275
1.6,30.1,12.2,7027.777777777777,56.1,1.8637873754152823
1.0,37.8,8.1,7583.333333333333,53.1,1.4047619047619049
1.4,34.8,10.5,7344.444444444444,53.300000000000004,1.531609195402299
1.0,36.6,9.6,7533.333333333333,52.8,1.442622950819672
5.0,33.2,8.2,6550.0,53.599999999999994,1.6144578313253009
2.0,22.0,8.2,7486.111111111111,67.8,3.0818181818181816
2.1,24.5,20.8,6238.888888888889,52.599999999999994,2.146938775510204
1.1,22.9,8.7,7722.222222222222,67.30000000000001,2.9388646288209612
1.0,23.3,9.5,7744.444444444444,66.2,2.8412017167381975
1.1,22.4,7.3,7838.888888888889,69.2,3.0892857142857144
0.7,22.3,22.7,6511.111111111111,54.3,2.434977578475336
0.9,20.9,22.2,6411.111111111111,56.0,2.6794258373205744
2.2,34.1,3.4,7875.0,60.3,1.7683284457478003
2.5,37.5,3.3,7788.888888888889,56.7,1.512
2.9,33.4,2.9,7669.444444444444,60.800000000000004,1.8203592814371259
3.6,35.3,3.3,7575.555555555556,57.800000000000004,1.6373937677053827
3.0,35.4,5.3,7408.333333333333,56.3,1.5903954802259888
2.5,31.7,17.8,6391.666666666666,48.0,1.5141955835962146
2.1,28.1,8.3,7425.0,61.5,2.188612099644128
1.9,40.5,8.0,7316.666666666666,49.6,1.2246913580246914
2.2,34.9,4.7,7655.555555555556,58.2,1.6676217765042982
2.2,33.7,13.0,6958.333333333333,51.099999999999994,1.5163204747774477
2.6,32.6,16.2,6402.777777777777,48.599999999999994,1.4907975460122698
1.9,31.6,7.1,7508.333333333333,59.4,1.8797468354430378
1.3,32.2,9.9,7483.333333333333,56.599999999999994,1.7577639751552792
2.9,29.1,10.9,7066.666666666666,57.099999999999994,1.9621993127147763
1.5,39.1,5.3,7863.888888888889,54.1,1.3836317135549872
2.4,35.3,3.2,7813.888888888889,59.1,1.6742209631728047
1.7,37.2,8.5,7283.333333333333,52.599999999999994,1.4139784946236555
2.4,34.4,2.6,7875.0,60.6,1.7616279069767442
1.7,32.7,10.3,7183.333333333333,55.3,1.6911314984709478
2.4,28.6,13.0,6833.333333333333,56.0,1.958041958041958
2.3,26.3,14.7,6738.888888888889,56.7,2.155893536121673
1.9,31.2,15.6,6711.111111111111,51.3,1.6442307692307692
1.7,32.8,9.3,7283.333333333333,56.2,1.7134146341463417
1.8,32.4,8.7,7333.333333333333,57.1,1.7623456790123457
1.8,29.4,18.2,6222.222222222222,50.6,1.7210884353741498
1.7,30.7,20.9,6205.555555555556,46.7,1.5211726384364823
1.9,31.2,15.6,6711.111111111111,51.3,1.6442307692307692
1.8,34.5,7.5,7383.333333333333,56.2,1.6289855072463768
1.8,38.3,12.1,6877.777777777777,47.800000000000004,1.2480417754569193
9.5,33.1,6.4,6555.555555555556,51.0,1.5407854984894258
7.4,32.0,8.3,6450.0,52.3,1.634375
8.4,33.0,13.0,6161.111111111111,45.6,1.3818181818181818
8.1,32.5,12.2,6350.0,47.2,1.4523076923076923
12.7,35.8,2.8,6327.777777777777,48.7,1.3603351955307263
7.0,40.1,4.3,6844.444444444444,48.599999999999994,1.2119700748129674
5.7,38.3,7.8,6655.555555555556,48.2,1.2584856396866841
5.3,42.1,7.5,6827.777777777777,45.099999999999994,1.0712589073634202
14.1,34.7,6.8,6266.666666666666,44.4,1.2795389048991352
14.6,34.1,6.8,6277.777777777777,44.5,1.3049853372434017
13.0,36.8,7.0,6322.222222222222,43.2,1.173913043478261
8.3,38.3,6.1,6650.0,47.300000000000004,1.234986945169713
10.4,37.9,9.6,6305.555555555556,42.1,1.1108179419525066
12.8,37.3,8.2,6188.888888888889,41.7,1.1179624664879357
12.3,37.3,7.1,6400.0,43.300000000000004,1.160857908847185
6.5,38.5,6.3,6850.0,48.7,1.264935064935065
8.4,38.1,6.3,6655.555555555556,47.2,1.2388451443569555
12.5,33.8,7.0,6366.666666666666,46.7,1.381656804733728
11.2,36.3,8.3,6394.444444444444,44.2,1.2176308539944904
6.5,38.3,9.0,6733.333333333333,46.2,1.2062663185378593
10.3,36.1,12.9,6022.222222222222,40.699999999999996,1.1274238227146813
11.5,32.0,21.5,5194.444444444444,35.0,1.09375
10.8,32.1,20.0,5338.888888888889,37.099999999999994,1.1557632398753892
11.7,35.1,12.6,5988.888888888889,40.6,1.1566951566951567
2.7,32.3,19.6,6211.111111111111,45.400000000000006,1.405572755417957
1.7,36.0,4.9,7750.0,57.4,1.5944444444444443
1.7,38.7,3.5,7916.666666666666,56.099999999999994,1.4496124031007749
3.0,35.7,4.9,7516.666666666666,56.4,1.5798319327731092
1.7,36.7,11.4,7155.555555555556,50.199999999999996,1.3678474114441415
3.0,38.2,5.3,7422.222222222222,53.5,1.400523560209424
2.9,38.4,2.6,7750.0,56.1,1.4609375
2.0,39.5,8.8,7161.111111111111,49.7,1.2582278481012659
3.4,34.1,11.2,6838.888888888889,51.3,1.504398826979472
3.0,38.6,4.4,7555.555555555556,54.0,1.398963730569948
1.6,36.1,15.9,6594.444444444444,46.4,1.2853185595567866
3.5,39.4,8.4,7250.0,48.7,1.236040609137056
2.8,37.8,9.3,7011.111111111111,50.1,1.3253968253968256
8.2,30.7,13.2,5561.111111111111,47.900000000000006,1.5602605863192185
4.2,30.9,19.1,6177.777777777777,45.8,1.4822006472491909
6.1,27.7,16.7,5438.888888888889,49.5,1.7870036101083033
3.5,38.8,9.9,6927.777777777777,47.800000000000004,1.2319587628865982
3.2,37.3,9.0,7077.777777777777,50.5,1.353887399463807
3.1,35.7,7.9,7272.222222222222,53.3,1.4929971988795516
3.3,36.8,6.7,7383.333333333333,53.2,1.4456521739130437
3.3,39.1,13.4,6627.777777777777,44.2,1.1304347826086958
2.8,38.7,9.1,7061.111111111111,49.4,1.276485788113695
3.1,35.1,10.1,6983.333333333333,51.7,1.4729344729344729
2.7,41.9,9.9,6988.888888888889,45.5,1.0859188544152745
0.7,23.2,24.9,6233.333333333333,51.2,2.206896551724138
0.7,21.5,13.8,7327.777777777777,64.0,2.9767441860465116
3.5,19.7,14.4,6700.0,62.400000000000006,3.1675126903553306
0.7,20.3,10.7,7577.777777777777,68.3,3.3645320197044333
1.5,21.2,12.8,7088.888888888889,64.5,3.0424528301886795
1.3,20.1,12.6,7400.0,66.0,3.2835820895522385
1.7,38.2,13.9,6733.333333333333,46.199999999999996,1.2094240837696333
2.1,29.3,6.8,7805.555555555556,61.8,2.1092150170648463
1.2,35.8,16.3,6744.444444444444,46.7,1.304469273743017
3.0,36.5,18.7,6411.111111111111,41.8,1.1452054794520548
2.7,34.0,24.1,5788.888888888889,39.2,1.1529411764705884
0.7,21.2,16.1,7077.777777777777,62.0,2.9245283018867925
0.7,20.3,16.4,6994.444444444444,62.6,3.083743842364532
1.0,22.0,16.3,6883.333333333333,60.7,2.7590909090909093
0.7,24.0,12.6,7450.0,62.7,2.6125000000000003
1.7,23.2,22.4,6327.777777777777,52.7,2.271551724137931
4.4,22.6,8.9,7255.555555555556,64.1,2.8362831858407076
2.7,21.9,18.7,6583.333333333333,56.7,2.589041095890411
1.9,24.4,7.6,7738.888888888889,66.1,2.709016393442623
1.8,39.6,6.3,7666.666666666666,52.3,1.3207070707070705
1.2,29.6,8.8,7722.222222222222,60.4,2.0405405405405403
3.0,25.0,8.7,7450.0,63.3,2.532
1.4,26.5,9.4,7672.222222222222,62.7,2.3660377358490567
1.5,25.8,12.6,7250.0,60.1,2.3294573643410854
1.2,25.2,18.8,6688.888888888889,54.8,2.1746031746031744
2.7,28.9,4.8,7922.222222222222,63.6,2.2006920415224913
2.5,34.9,10.3,7383.333333333333,52.3,1.498567335243553
5.2,31.3,13.3,6766.666666666666,50.2,1.6038338658146964
2.0,32.1,9.6,7433.333333333333,56.3,1.7538940809968846
2.6,34.5,10.9,7272.222222222222,52.0,1.5072463768115942
1.5,35.9,14.5,6888.888888888889,48.1,1.3398328690807801
1.4,39.4,10.3,7322.222222222222,48.9,1.2411167512690355
1.8,33.7,7.8,7505.555555555556,56.699999999999996,1.6824925816023737
1.2,37.9,7.8,7588.888888888889,53.1,1.4010554089709764
1.3,36.3,8.8,7494.444444444444,53.6,1.4765840220385678
0.9,26.8,10.4,7588.888888888889,61.9,2.309701492537313
1.7,31.8,11.4,7127.777777777777,55.1,1.7327044025157232
2.0,33.7,14.4,6866.666666666666,49.9,1.4807121661721065
1.3,29.4,19.5,6577.777777777777,49.8,1.693877551020408
1.5,33.8,9.8,7483.333333333333,54.900000000000006,1.6242603550295862
1.8,33.2,4.1,7905.555555555556,60.9,1.83433734939759
5.9,30.2,5.8,6766.666666666666,58.1,1.9238410596026492
1.9,33.7,8.5,7433.333333333333,55.9,1.658753709198813
1.4,32.4,8.6,7594.444444444444,57.6,1.777777777777778
2.2,32.1,10.1,7244.444444444444,55.599999999999994,1.73208722741433
3.0,35.6,9.3,7283.333333333333,52.099999999999994,1.4634831460674156
4.0,34.5,11.0,6977.777777777777,50.5,1.463768115942029
2.5,30.1,11.1,7305.555555555556,56.3,1.8704318936877073
1.8,29.9,16.1,6883.333333333333,52.2,1.7458193979933112
4.3,36.6,10.9,6716.666666666666,48.2,1.3169398907103826
4.2,34.9,17.1,6161.111111111111,43.8,1.2550143266475644
2.2,39.6,5.6,7644.444444444444,52.6,1.3282828282828283
2.3,35.5,13.8,6794.444444444444,48.4,1.3633802816901408
1.9,34.3,15.8,6677.777777777777,48.0,1.3994169096209914
2.0,34.1,13.5,6866.666666666666,50.4,1.478005865102639
1.9,38.2,10.0,7066.666666666666,49.9,1.3062827225130889
1.2,38.5,6.2,7666.666666666666,54.1,1.4051948051948053
6.3,39.4,8.6,6605.555555555556,45.7,1.1598984771573606
6.4,35.9,11.1,6372.222222222222,46.6,1.2980501392757662
9.8,32.5,9.1,6127.777777777777,48.6,1.4953846153846155
9.1,34.6,8.1,6400.0,48.2,1.393063583815029
7.6,35.4,8.0,6577.777777777777,49.0,1.384180790960452
15.3,22.8,4.2,6438.888888888889,57.7,2.530701754385965
13.1,32.2,6.2,6344.444444444444,48.5,1.5062111801242235
14.0,30.1,10.5,5683.333333333333,45.4,1.5083056478405314
13.0,23.4,5.9,6455.555555555556,57.7,2.465811965811966
10.4,33.6,9.9,6133.333333333333,46.099999999999994,1.3720238095238093
13.7,22.4,6.1,6388.888888888889,57.800000000000004,2.5803571428571432
8.5,34.3,11.4,6144.444444444444,45.800000000000004,1.3352769679300294
12.0,30.8,13.6,5816.666666666667,43.599999999999994,1.4155844155844153
2.7,38.9,26.4,5627.777777777777,32.0,0.8226221079691517
3.4,35.9,26.8,5550.0,33.900000000000006,0.9442896935933149
4.7,36.1,19.0,6277.777777777777,40.2,1.113573407202216
2.6,37.2,17.9,6550.0,42.3,1.1370967741935483
2.2,36.1,7.8,7555.555555555556,53.9,1.4930747922437673
2.3,35.7,8.8,7466.666666666666,53.199999999999996,1.4901960784313724
2.6,27.9,6.8,7805.555555555556,62.7,2.2473118279569895
2.4,28.3,8.1,7711.111111111111,61.2,2.1625441696113077
2.7,34.5,9.5,7361.111111111111,53.3,1.544927536231884
1.1,35.7,12.2,7250.0,51.0,1.4285714285714284
3.1,33.4,13.1,6900.0,50.400000000000006,1.5089820359281438
3.1,30.6,19.3,6305.555555555556,47.0,1.5359477124183005
2.4,35.4,10.5,7272.222222222222,51.7,1.46045197740113
2.8,33.0,12.2,7061.111111111111,52.0,1.5757575757575757
3.5,37.2,6.1,7583.333333333333,53.199999999999996,1.4301075268817203
3.8,35.8,9.4,7172.222222222222,51.0,1.4245810055865924
3.1,33.5,13.1,6905.555555555556,50.3,1.5014925373134327
2.7,34.6,10.9,7272.222222222222,51.8,1.4971098265895952
2.6,39.2,5.2,7672.222222222222,53.0,1.3520408163265305
3.4,35.2,8.8,7255.555555555556,52.599999999999994,1.4943181818181814
1.8,33.0,15.8,6927.777777777777,49.4,1.4969696969696968
2.4,31.1,5.8,7733.333333333333,60.7,1.9517684887459807
2.0,34.4,9.0,7561.111111111111,54.6,1.5872093023255816
3.4,33.4,10.0,7294.444444444444,53.2,1.5928143712574852
2.5,34.8,7.9,7572.222222222222,54.800000000000004,1.574712643678161
2.3,33.6,9.2,7500.0,54.9,1.6339285714285714
2.3,35.5,2.0,8105.555555555556,60.2,1.6957746478873241
2.0,37.9,8.6,7577.777777777777,51.5,1.358839050131926
2.5,36.6,5.0,7838.888888888889,55.9,1.5273224043715845
2.5,35.0,7.9,7583.333333333333,54.6,1.56
3.0,35.4,5.6,7672.222222222222,56.0,1.5819209039548023
2.1,36.1,9.5,7405.555555555556,52.3,1.448753462603878
2.1,32.6,13.6,6977.777777777777,51.7,1.5858895705521472
3.8,35.2,4.0,7722.222222222222,57.0,1.6193181818181817
3.5,32.1,7.5,7522.222222222222,56.9,1.7725856697819313
3.2,35.5,6.8,7594.444444444444,54.5,1.5352112676056338
4.2,30.1,8.3,7338.888888888889,57.4,1.9069767441860463
3.9,36.4,13.1,6794.444444444444,46.6,1.2802197802197803
4.4,41.5,13.5,6494.444444444444,40.6,0.9783132530120482
4.5,40.4,11.5,6522.222222222222,43.6,1.0792079207920793
4.2,39.8,16.0,6183.333333333333,40.0,1.0050251256281408
4.6,36.9,22.0,5588.888888888889,36.5,0.989159891598916
2.5,38.3,5.2,7600.0,54.0,1.409921671018277
2.6,31.7,3.9,8027.777777777777,61.8,1.949526813880126
3.7,35.2,1.8,8061.111111111111,59.3,1.6846590909090906
5.2,33.0,2.2,7900.0,59.6,1.8060606060606061
6.4,26.0,12.8,6544.444444444444,54.8,2.1076923076923078
3.1,32.9,6.6,7522.222222222222,57.400000000000006,1.74468085106383
2.1,32.6,13.2,7077.777777777777,52.1,1.5981595092024539
2.4,26.1,8.9,7416.666666666666,62.599999999999994,2.3984674329501914
2.8,34.1,8.5,7388.888888888889,54.599999999999994,1.601173020527859
2.6,32.2,7.0,7522.222222222222,58.199999999999996,1.807453416149068
4.1,31.6,9.0,7255.555555555556,55.3,1.7499999999999998
3.6,35.4,3.8,7627.777777777777,57.2,1.6158192090395482
1.2,28.6,12.4,7283.333333333333,57.8,2.020979020979021
2.9,26.6,16.3,6561.111111111111,54.2,2.037593984962406
2.3,27.5,5.9,7694.444444444444,64.3,2.338181818181818
6.1,35.5,6.6,7055.555555555556,51.8,1.4591549295774646
4.8,36.3,8.2,7016.666666666666,50.7,1.3966942148760333
4.8,28.3,8.3,7183.333333333333,58.599999999999994,2.0706713780918724
0.4,38.5,7.7,8172.222222222222,53.4,1.387012987012987
2.3,34.3,9.9,7372.222222222222,53.5,1.5597667638483965
3.0,22.0,16.9,6811.111111111111,58.1,2.640909090909091
10.0,29.9,6.9,6345.555555555556,53.2,1.779264214046823
8.4,31.7,12.5,5998.333333333333,47.400000000000006,1.495268138801262
9.0,32.6,10.4,6146.666666666666,48.0,1.4723926380368098
9.1,32.5,7.4,6468.333333333333,51.0,1.5692307692307692
2.7,23.8,19.2,6477.777777777777,54.3,2.2815126050420167
1.8,24.0,3.4,8244.444444444443,70.8,2.9499999999999997
1.4,23.4,5.2,8094.444444444444,70.0,2.9914529914529915
10.1,32.6,8.8,6294.444444444444,48.5,1.487730061349693
8.8,32.3,10.0,6327.777777777777,48.900000000000006,1.513931888544892
8.4,32.4,12.7,6105.555555555556,46.5,1.4351851851851853
15.9,30.2,6.6,5755.555555555556,47.3,1.5662251655629138
11.0,33.2,4.4,6644.444444444444,51.4,1.5481927710843373
8.7,32.9,11.6,6088.888888888889,46.800000000000004,1.4224924012158056
10.0,33.9,8.1,6405.555555555556,48.0,1.415929203539823
7.8,35.9,6.9,6577.777777777777,49.400000000000006,1.3760445682451257
9.2,36.6,10.5,6133.333333333333,43.7,1.1939890710382515
7.8,35.7,7.8,6627.777777777777,48.699999999999996,1.3641456582633051
8.2,35.8,9.0,6450.0,47.0,1.3128491620111733
12.8,32.3,4.7,6505.555555555556,50.2,1.5541795665634677
9.8,32.8,6.6,6372.222222222222,50.800000000000004,1.5487804878048783
10.7,31.7,6.2,6427.777777777777,51.400000000000006,1.6214511041009465
9.3,32.8,10.1,6283.333333333333,47.800000000000004,1.457317073170732
8.9,36.4,13.2,6072.222222222222,41.5,1.14010989010989
8.6,34.2,13.6,5944.444444444444,43.599999999999994,1.2748538011695905
11.6,31.9,11.5,5922.222222222222,45.0,1.4106583072100314
9.2,34.3,8.1,6355.555555555556,48.400000000000006,1.4110787172011665
9.0,36.0,6.1,6650.0,48.9,1.3583333333333334
8.0,37.5,8.9,6444.444444444444,45.6,1.216
9.0,35.8,8.6,6427.777777777777,46.6,1.3016759776536315
11.0,32.1,13.3,5716.666666666667,43.599999999999994,1.3582554517133953
7.3,36.4,18.6,5666.666666666667,37.7,1.0357142857142858
8.8,35.8,9.1,6366.666666666666,46.300000000000004,1.293296089385475
8.5,37.3,6.7,6583.333333333333,47.5,1.2734584450402147
2.6,34.8,6.3,7650.0,56.300000000000004,1.6178160919540232
2.0,32.6,6.7,7722.222222222222,58.7,1.8006134969325154
1.3,35.2,6.3,7905.555555555556,57.199999999999996,1.6249999999999998
2.3,33.0,8.4,7555.555555555556,56.3,1.706060606060606
1.3,31.1,14.5,7122.222222222222,53.099999999999994,1.7073954983922828
1.9,36.5,5.5,7844.444444444444,56.1,1.536986301369863
3.6,32.9,5.5,7672.222222222222,58.0,1.7629179331306992
1.7,30.1,23.9,6038.888888888889,44.3,1.4717607973421925
2.4,39.4,7.5,7383.333333333333,50.7,1.2868020304568528
1.8,31.7,19.0,6444.444444444444,47.5,1.498422712933754
5.3,28.9,10.6,6427.777777777777,55.2,1.9100346020761247
1.5,37.0,5.8,7766.666666666666,55.7,1.5054054054054056
1.4,30.6,17.9,6688.888888888889,50.1,1.6372549019607843
0.9,25.0,5.4,8083.333333333333,68.7,2.748
0.9,30.0,12.6,7366.666666666666,56.5,1.8833333333333333
1.1,29.7,7.2,7833.333333333333,62.0,2.087542087542088
2.5,31.2,5.7,7838.888888888889,60.6,1.9423076923076923
2.6,30.5,3.8,7838.888888888889,63.1,2.0688524590163935
2.7,28.7,4.7,7988.888888888889,63.9,2.226480836236934
1.8,32.8,9.2,7561.111111111111,56.2,1.7134146341463417
2.9,32.2,9.4,7361.111111111111,55.5,1.7236024844720494
9.9,26.4,11.8,6583.333333333333,51.9,1.965909090909091
1.2,22.8,19.1,6666.666666666666,56.9,2.495614035087719
2.0,30.9,2.7,8072.222222222222,64.4,2.0841423948220066
1.2,25.4,6.4,7922.222222222222,67.0,2.6377952755905514
6.2,32.2,7.6,7405.555555555556,54.0,1.6770186335403725
2.9,32.2,11.4,7238.888888888889,53.5,1.6614906832298135
6.4,31.2,2.8,7761.111111111111,59.6,1.9102564102564104
4.5,34.7,2.5,7522.222222222222,58.3,1.6801152737752159
2.8,30.3,12.6,6883.333333333333,54.3,1.792079207920792
1.9,36.9,9.7,7300.0,51.5,1.3956639566395665
2.4,31.0,15.7,6661.111111111111,50.900000000000006,1.6419354838709679
2.3,31.3,14.3,6794.444444444444,52.099999999999994,1.6645367412140573
1.9,33.0,13.4,6938.888888888889,51.7,1.5666666666666667
5.7,42.2,10.2,6638.888888888889,41.9,0.9928909952606634
6.4,33.7,20.9,5577.777777777777,39.0,1.1572700296735905
5.3,41.9,10.1,6733.333333333333,42.7,1.01909307875895
1.3,30.8,20.2,6588.888888888889,47.7,1.5487012987012987
2.1,37.3,11.7,7294.444444444444,48.900000000000006,1.3109919571045578
1.7,37.0,10.4,7405.555555555556,50.9,1.3756756756756756
2.5,31.4,5.5,7838.888888888889,60.6,1.9299363057324843
8.7,28.3,7.2,6966.666666666666,55.8,1.9717314487632507
3.9,35.0,6.1,7650.0,55.0,1.5714285714285714
4.3,35.8,2.9,7938.888888888889,57.0,1.5921787709497208
1.5,33.5,10.4,7383.333333333333,54.6,1.6298507462686567
3.4,35.0,2.5,7922.222222222222,59.1,1.6885714285714286
2.5,36.1,2.2,8055.555555555556,59.199999999999996,1.6398891966759002
3.5,34.4,3.6,7833.333333333333,58.5,1.7005813953488373
3.9,34.3,10.5,7211.111111111111,51.300000000000004,1.4956268221574347
2.9,34.2,13.8,6800.0,49.099999999999994,1.4356725146198828
2.8,26.8,4.3,8016.666666666666,66.1,2.466417910447761
6.2,22.5,11.4,6738.888888888889,59.9,2.6622222222222223
1.8,32.5,24.8,6005.555555555556,40.9,1.2584615384615385
2.5,40.1,5.8,7555.555555555556,51.599999999999994,1.2867830423940148
2.1,33.6,18.4,6461.111111111111,45.9,1.3660714285714284
2.8,37.0,6.5,7394.444444444444,53.7,1.4513513513513514
1.9,36.2,4.9,7761.111111111111,57.0,1.5745856353591159
3.5,35.1,8.2,7155.555555555556,53.2,1.5156695156695157
2.3,40.8,8.9,7250.0,48.0,1.1764705882352942
2.4,40.3,9.0,7238.888888888889,48.300000000000004,1.1985111662531018
3.5,36.9,8.0,7083.333333333333,51.6,1.3983739837398375
3.3,34.9,5.8,7416.666666666666,56.0,1.6045845272206305
2.7,34.2,6.6,7661.111111111111,56.5,1.6520467836257309
3.2,31.6,2.6,7983.333333333333,62.599999999999994,1.9810126582278478
3.1,37.5,6.3,7516.666666666666,53.1,1.4160000000000001
3.2,32.8,10.2,7205.555555555556,53.800000000000004,1.6402439024390247
4.4,35.5,7.4,7294.444444444444,52.7,1.4845070422535211
4.3,32.8,8.0,7316.666666666666,54.900000000000006,1.6737804878048783
3.4,32.5,11.4,7161.111111111111,52.7,1.6215384615384616
2.8,29.7,17.4,6583.333333333333,50.1,1.6868686868686869
3.6,35.7,5.0,7644.444444444444,55.699999999999996,1.5602240896358541
3.1,30.1,18.2,6494.444444444444,48.599999999999994,1.6146179401993352
1.5,35.1,16.4,6783.333333333333,47.0,1.339031339031339
4.3,31.8,11.8,7033.333333333333,52.099999999999994,1.6383647798742136
4.3,31.1,9.2,7316.666666666666,55.4,1.7813504823151125
2.3,34.1,8.1,7550.0,55.5,1.627565982404692
4.95,28.25,11.35,6991.666666666666,55.45,1.9628318584070799
2.5,29.3,15.6,6755.555555555556,52.599999999999994,1.7952218430034128
1.8,26.8,20.4,6305.555555555556,51.0,1.9029850746268657
1.7,34.3,7.6,7572.222222222222,56.400000000000006,1.644314868804665
1.2,34.2,8.7,7633.333333333333,55.9,1.634502923976608
1.7,33.1,13.9,7111.111111111111,51.3,1.5498489425981872
1.4,28.3,13.4,7138.888888888889,56.9,2.010600706713781
3.3,38.8,9.4,7277.777777777777,48.5,1.25
3.4,36.9,9.6,7194.444444444444,50.1,1.3577235772357725
3.0,34.4,14.2,6850.0,48.400000000000006,1.4069767441860468
2.8,37.6,6.2,7605.555555555556,53.4,1.4202127659574466
2.2,42.4,8.9,7366.666666666666,46.5,1.0966981132075473
4.5,29.3,16.2,6594.444444444444,50.0,1.706484641638225
2.6,31.5,3.8,7983.333333333333,62.1,1.9714285714285715
2.6,33.9,10.5,7411.111111111111,53.0,1.5634218289085546
4.4,27.5,8.6,7444.444444444444,59.5,2.1636363636363636
3.9,32.2,2.1,8050.0,61.8,1.919254658385093
2.9,29.9,9.0,7505.555555555556,58.2,1.9464882943143815
3.7,34.9,5.0,7700.0,56.400000000000006,1.6160458452722066
4.3,32.3,4.9,7716.666666666666,58.5,1.8111455108359136
4.1,30.2,7.6,7550.0,58.1,1.9238410596026492
2.4,27.9,19.3,6650.0,50.400000000000006,1.8064516129032262
4.6,27.3,8.5,7300.0,59.6,2.183150183150183
3.1,30.1,3.8,8016.666666666666,63.0,2.093023255813953
2.6,33.8,6.4,7694.444444444444,57.2,1.6923076923076925
3.0,31.6,2.3,8105.555555555556,63.1,1.9968354430379747
2.3,33.4,4.7,7927.777777777777,59.6,1.784431137724551
9.7,34.5,11.8,6036.666666666667,44.0,1.2753623188405796
8.1,36.1,9.1,6447.777777777777,46.7,1.293628808864266
9.3,36.0,11.3,6121.666666666667,43.4,1.2055555555555555
12.1,32.2,15.0,5722.222222222222,40.699999999999996,1.2639751552795029
11.1,34.6,3.7,6811.111111111111,50.599999999999994,1.4624277456647397
8.0,40.7,8.2,6644.444444444444,43.099999999999994,1.0589680589680588
9.4,39.2,8.7,6438.888888888889,42.699999999999996,1.0892857142857142
15.4,30.5,5.4,6405.555555555556,48.7,1.59672131147541
16.1,30.1,4.6,6377.777777777777,49.199999999999996,1.6345514950166111
16.2,32.8,2.0,6603.888888888889,49.0,1.4939024390243905
13.8,31.2,8.9,5972.222222222222,46.099999999999994,1.4775641025641024
15.6,30.5,9.1,5905.555555555556,44.8,1.4688524590163934
3.9,30.3,5.1,7813.333333333333,60.7,2.0033003300330035
1.6,28.1,16.1,6945.555555555556,54.199999999999996,1.9288256227758005
1.2,31.3,13.8,7136.666666666666,53.7,1.7156549520766773
1.8,29.2,12.2,7368.333333333333,56.8,1.9452054794520548
1.5,24.5,3.6,8238.888888888889,70.4,2.8734693877551023
1.4,26.9,4.5,8122.222222222222,67.2,2.4981412639405205
1.5,25.1,6.1,7983.333333333333,67.3,2.681274900398406
1.9,23.1,3.3,8287.222222222223,71.7,3.103896103896104
6.3,33.6,12.5,6325.555555555556,47.599999999999994,1.4166666666666665
10.0,35.2,10.3,6147.777777777777,44.5,1.2642045454545454
2.7,35.3,3.7,7778.333333333333,58.300000000000004,1.6515580736543911
1.8,34.6,9.6,7397.222222222222,54.0,1.560693641618497
2.5,34.3,3.2,7856.111111111111,60.0,1.7492711370262393
4.2,27.9,7.7,7369.444444444444,60.2,2.1577060931899643
2.1,34.0,2.7,8014.444444444444,61.2,1.8
2.9,27.5,2.4,8242.777777777777,67.2,2.443636363636364
2.0,27.2,7.2,7697.222222222222,63.6,2.338235294117647
3.5,25.4,8.7,7369.444444444444,62.400000000000006,2.4566929133858273
2.3,37.1,1.6,8025.555555555556,59.0,1.5902964959568733
1.6,25.7,19.2,6590.555555555556,53.5,2.0817120622568095
2.6,38.7,2.5,7894.444444444444,56.199999999999996,1.4521963824289403
2.2,41.3,1.4,8066.666666666666,55.1,1.3341404358353512
2.6,32.8,22.0,6040.0,42.6,1.2987804878048783
2.3,35.8,2.1,8068.333333333333,59.800000000000004,1.6703910614525141
3.9,35.0,9.6,7012.777777777777,51.5,1.4714285714285715
0.7,22.1,19.0,6859.444444444444,58.2,2.6334841628959276
2.4,33.3,8.9,7439.444444444444,55.400000000000006,1.663663663663664
4.0,35.3,3.4,7678.333333333333,57.300000000000004,1.6232294617563743
1.7,33.9,7.0,7716.111111111111,57.400000000000006,1.6932153392330387
2.5,33.5,15.5,6720.555555555556,48.5,1.4477611940298507
1.8,34.4,9.0,7410.555555555556,54.8,1.5930232558139534
2.0,33.1,7.7,7559.444444444444,57.2,1.7280966767371602
4.6,32.2,2.9,7642.777777777777,60.3,1.872670807453416
2.3,37.2,11.7,7091.111111111111,48.8,1.311827956989247
4.4,33.0,2.8,7540.555555555556,59.8,1.812121212121212
2.2,38.3,1.6,8121.666666666666,57.900000000000006,1.511749347258486
2.4,36.3,2.3,7960.555555555556,59.0,1.62534435261708
1.5,33.5,11.7,7377.222222222222,53.3,1.5910447761194029
1.5,32.9,15.0,6963.888888888889,50.6,1.5379939209726445
3.3,25.6,15.4,6950.555555555556,55.7,2.17578125
1.9,35.2,12.3,7286.666666666666,50.599999999999994,1.4374999999999998
5.6,37.4,15.2,6395.0,41.800000000000004,1.1176470588235297
6.0,37.6,10.2,6685.555555555556,46.2,1.2287234042553192
7.1,38.1,8.1,6730.0,46.7,1.2257217847769029
5.7,38.1,7.3,6956.111111111111,48.9,1.2834645669291338
8.7,37.7,4.2,6972.777777777777,49.4,1.3103448275862069
8.6,36.5,12.1,6341.666666666666,42.8,1.1726027397260272
7.1,34.5,16.5,6110.555555555556,41.9,1.2144927536231884
5.1,39.4,7.7,7059.444444444444,47.8,1.2131979695431472
7.5,34.0,5.3,7125.0,53.2,1.5647058823529412
9.5,33.5,9.4,6491.111111111111,47.6,1.4208955223880597
7.0,35.6,12.8,6462.777777777777,44.599999999999994,1.2528089887640448
7.2,36.7,6.0,7031.111111111111,50.099999999999994,1.3651226158038146
6.7,37.8,5.7,7079.444444444444,49.800000000000004,1.3174603174603177
7.3,38.1,8.9,6671.666666666666,45.7,1.1994750656167978
4.7,35.0,11.1,6758.333333333333,49.2,1.4057142857142857
6.0,36.4,7.4,6950.0,50.2,1.3791208791208793
7.0,34.7,10.8,6527.777777777777,47.5,1.3688760806916425
8.4,33.7,7.9,6670.555555555556,50.0,1.4836795252225519
7.6,36.4,7.4,6827.222222222222,48.6,1.3351648351648353
5.9,37.5,15.0,6321.666666666666,41.6,1.1093333333333333
5.6,38.1,13.9,6451.666666666666,42.4,1.1128608923884513
6.1,41.8,5.3,7151.666666666666,46.800000000000004,1.1196172248803828
8.3,33.6,11.2,6400.0,46.9,1.3958333333333333
6.9,39.0,7.0,6922.222222222222,47.1,1.2076923076923076
8.3,33.9,11.1,6405.555555555556,46.7,1.377581120943953
8.7,32.7,10.1,6413.888888888889,48.5,1.4831804281345564
5.7,37.3,11.7,6583.333333333333,45.300000000000004,1.2144772117962468
5.8,35.7,16.0,6230.555555555556,42.5,1.1904761904761905
7.1,40.6,7.3,6815.0,45.0,1.108374384236453
6.5,35.0,15.4,6203.888888888889,43.1,1.2314285714285715
6.1,38.6,7.5,6963.888888888889,47.8,1.238341968911917
6.5,37.3,10.7,6628.333333333333,45.5,1.219839142091153
9.4,32.5,8.8,6486.111111111111,49.3,1.5169230769230768
6.0,39.7,6.7,7081.666666666666,47.599999999999994,1.1989924433249368
8.2,34.3,6.2,6820.555555555556,51.300000000000004,1.4956268221574347
5.0,38.3,10.3,6799.444444444444,46.400000000000006,1.2114882506527418
6.0,38.9,6.6,7120.555555555556,48.5,1.2467866323907455
6.8,31.3,17.9,5921.111111111111,44.0,1.4057507987220448
5.9,35.4,8.8,6882.777777777777,49.9,1.4096045197740112
6.4,36.6,6.4,6976.111111111111,50.599999999999994,1.3825136612021856
8.1,34.2,9.7,6504.444444444444,48.0,1.4035087719298245
6.7,37.6,6.6,7043.888888888889,49.099999999999994,1.305851063829787
7.6,36.6,12.7,6239.444444444444,43.1,1.1775956284153006
8.6,31.6,11.5,6290.555555555556,48.3,1.5284810126582278
4.0,38.5,12.9,6679.444444444444,44.6,1.1584415584415584
5.4,38.8,6.1,7127.222222222222,49.7,1.2809278350515465
5.4,36.7,14.1,6405.0,43.8,1.1934604904632151
8.2,36.7,7.3,6730.0,47.8,1.3024523160762942
6.6,36.4,13.3,6428.888888888889,43.7,1.2005494505494507
5.6,37.5,11.0,6728.888888888889,45.9,1.224
1.3,25.4,7.6,7950.0,65.7,2.5866141732283467
2.9,20.7,20.9,6441.666666666666,55.5,2.681159420289855
1.5,27.2,8.2,7811.111111111111,63.1,2.3198529411764706
1.6,32.0,11.5,7378.888888888889,54.9,1.715625
1.8,27.3,24.0,6166.666666666666,46.9,1.7179487179487178
1.9,29.1,17.9,8660.0,51.1,1.7560137457044673
2.7,25.0,3.3,8197.222222222223,69.0,2.76
3.3,28.0,15.1,6878.333333333333,53.6,1.9142857142857144
0.6,26.2,5.3,8150.555555555556,67.9,2.5916030534351147
2.2,36.1,4.2,7773.333333333333,57.5,1.592797783933518
2.2,37.4,5.4,7637.222222222222,55.0,1.4705882352941178
1.3,36.4,3.4,8070.555555555556,58.9,1.6181318681318682
4.6,23.1,6.2,7740.0,66.1,2.861471861471861
7.0,23.3,11.3,7003.333333333333,58.4,2.5064377682403434
4.3,31.1,4.8,7860.0,59.8,1.922829581993569
2.6,31.1,4.0,8076.666666666666,62.3,2.003215434083601
4.4,31.3,14.0,6590.0,50.3,1.6070287539936101
5.9,27.4,21.7,5822.777777777777,45.0,1.6423357664233578
5.3,34.2,6.0,7352.777777777777,54.5,1.593567251461988
2.8,21.3,8.1,7761.111111111111,67.8,3.1830985915492955
2.6,19.8,5.6,8018.888888888889,72.0,3.6363636363636362
3.1,19.9,3.4,8196.666666666666,73.6,3.698492462311558
1.9,20.9,9.6,7726.666666666666,67.6,3.2344497607655502
2.0,21.7,8.4,7808.888888888889,67.9,3.1290322580645165
2.3,25.8,16.1,7062.222222222222,55.8,2.1627906976744184
2.5,25.3,19.3,6719.444444444444,52.9,2.090909090909091
1.7,25.1,17.0,7048.333333333333,56.2,2.239043824701195
5.1,25.6,20.0,6360.555555555556,49.3,1.9257812499999998
5.9,27.7,14.9,6793.888888888889,51.5,1.8592057761732852
2.9,36.1,10.5,7115.0,50.5,1.3988919667590027
2.8,37.4,8.0,7333.888888888889,51.8,1.3850267379679144
4.2,38.4,9.0,7007.777777777777,48.400000000000006,1.260416666666667
4.0,35.8,16.5,6375.555555555556,43.7,1.2206703910614527
3.6,36.8,12.3,6806.666666666666,47.300000000000004,1.285326086956522
4.3,37.4,6.1,7326.111111111111,52.2,1.3957219251336899
3.5,40.3,7.9,7173.888888888889,48.300000000000004,1.1985111662531018
7.6,34.7,6.3,6977.777777777777,51.4,1.4812680115273773
5.8,36.1,12.1,6707.777777777777,46.0,1.2742382271468145
7.0,36.9,9.4,6696.111111111111,46.7,1.2655826558265584
2.4,44.3,9.7,7114.444444444444,43.6,0.9841986455981943
8.2,36.0,6.4,6841.111111111111,49.4,1.3722222222222222
8.0,38.9,3.4,7147.222222222222,49.7,1.2776349614395888
5.1,40.1,8.2,6940.555555555556,46.6,1.1620947630922693
7.6,35.9,6.5,6856.111111111111,50.0,1.392757660167131
7.7,38.5,4.6,7135.555555555556,49.2,1.277922077922078
5.2,42.6,5.6,7222.222222222222,46.599999999999994,1.0938967136150233
7.7,36.0,11.7,6441.111111111111,44.6,1.238888888888889
9.0,35.0,2.5,7242.222222222222,53.5,1.5285714285714285
8.9,35.6,3.8,7151.666666666666,51.7,1.452247191011236
2.3,41.0,7.5,7438.888888888889,49.2,1.2000000000000002
3.7,38.0,11.1,6895.555555555556,47.2,1.2421052631578948
8.3,36.8,8.3,6603.888888888889,46.6,1.2663043478260871
7.4,35.4,12.1,6369.444444444444,45.1,1.2740112994350283
9.0,37.2,10.1,6206.666666666666,43.699999999999996,1.1747311827956988
5.3,31.6,11.3,6820.0,51.8,1.6392405063291138
8.2,38.6,5.9,6967.222222222222,47.3,1.2253886010362693
8.7,32.6,10.3,6443.333333333333,48.4,1.4846625766871164
6.4,35.9,7.5,6987.222222222222,50.2,1.3983286908077996
8.1,37.4,1.5,7407.777777777777,53.0,1.4171122994652408
7.3,37.9,1.7,7468.888888888889,53.1,1.4010554089709764
4.1,36.8,13.2,6635.555555555556,45.900000000000006,1.2472826086956523
11.6,35.6,2.5,6956.666666666666,50.3,1.4129213483146066
10.3,38.3,4.0,6898.888888888889,47.400000000000006,1.2375979112271542
10.6,34.9,2.0,7081.666666666666,52.5,1.504297994269341
5.8,36.1,15.3,6323.333333333333,42.8,1.1855955678670358
6.6,39.8,8.7,6763.888888888889,44.900000000000006,1.128140703517588
6.7,40.0,6.8,6984.444444444444,46.5,1.1625
7.3,38.4,7.0,6962.777777777777,47.3,1.2317708333333333
12.2,33.7,4.9,6563.888888888889,49.199999999999996,1.4599406528189909
12.2,39.8,2.8,6794.444444444444,45.2,1.1356783919597992
12.7,33.2,7.6,6351.666666666666,46.5,1.400602409638554
9.6,35.7,10.7,6167.222222222222,44.0,1.2324929971988794
9.9,37.4,8.2,6513.333333333333,44.5,1.1898395721925135
7.8,42.1,7.8,6741.111111111111,42.3,1.0047505938242278
11.4,35.6,9.0,6351.111111111111,44.0,1.2359550561797752
4.6,42.8,8.6,6921.111111111111,44.0,1.0280373831775702
5.7,39.9,8.9,6820.0,45.5,1.1403508771929824
4.2,37.4,6.4,7227.777777777777,52.0,1.3903743315508021
3.8,38.8,7.7,7077.222222222222,49.7,1.2809278350515465
2.1,39.0,13.6,6656.111111111111,45.3,1.1615384615384614
2.2,40.1,13.3,6698.888888888889,44.4,1.1072319201995011
5.1,34.1,15.8,6158.888888888889,45.0,1.3196480938416422
6.2,37.2,12.7,6276.111111111111,43.9,1.1801075268817203
3.8,33.7,2.3,8010.0,60.199999999999996,1.7863501483679523
5.5,31.0,5.5,7673.888888888889,58.0,1.8709677419354838
1.0,21.7,25.5,6143.333333333333,51.8,2.3870967741935485
0.8,22.1,21.0,6665.555555555556,56.099999999999994,2.538461538461538
0.9,20.2,18.4,6880.0,60.5,2.995049504950495
1.1,21.8,10.5,7560.0,66.6,3.0550458715596327
2.1,34.5,10.5,7465.0,52.9,1.5333333333333332
3.6,33.3,9.3,7271.666666666666,53.800000000000004,1.6156156156156158
2.8,35.3,3.1,8041.666666666666,58.800000000000004,1.6657223796033997
4.4,36.3,5.8,7422.222222222222,53.5,1.4738292011019285
2.8,29.4,15.3,6893.888888888889,52.5,1.7857142857142858
1.6,30.6,19.7,6687.222222222222,48.099999999999994,1.571895424836601
1.9,30.6,14.7,7042.777777777777,52.8,1.7254901960784312
4.8,29.7,13.0,6747.222222222222,52.5,1.7676767676767677
3.3,31.3,14.3,6881.666666666666,51.099999999999994,1.63258785942492
2.7,36.4,6.0,7779.444444444444,54.900000000000006,1.5082417582417584
1.5,36.5,7.4,7758.333333333333,54.6,1.4958904109589042
2.7,37.1,8.5,7506.666666666666,51.7,1.3935309973045822
1.9,35.5,8.7,7506.111111111111,53.9,1.5183098591549296
3.3,35.2,6.3,7585.0,55.199999999999996,1.568181818181818
3.5,38.1,10.7,7278.333333333333,47.7,1.2519685039370079
2.7,36.3,9.4,7383.888888888889,51.6,1.4214876033057853
3.0,37.1,9.4,7376.666666666666,50.5,1.3611859838274931
3.6,35.4,6.4,7530.0,54.6,1.5423728813559323
1.0,37.7,7.5,7841.666666666666,53.8,1.4270557029177717
3.1,34.8,8.0,7475.0,54.1,1.5545977011494254
2.3,32.9,13.0,7121.666666666666,51.8,1.574468085106383
2.8,35.6,7.3,7608.888888888889,54.3,1.5252808988764044
2.8,35.4,6.1,7697.222222222222,55.7,1.573446327683616
1.7,42.0,6.7,7726.111111111111,49.6,1.180952380952381
2.4,34.6,7.7,7592.777777777777,55.3,1.598265895953757
2.5,37.6,10.1,7355.555555555556,49.8,1.3244680851063828
2.1,38.4,6.4,7732.222222222222,53.1,1.3828125
3.5,34.9,16.1,6700.555555555556,45.5,1.3037249283667622
4.3,36.6,11.1,6947.777777777777,48.0,1.3114754098360655
1.9,40.3,6.3,7730.555555555556,51.5,1.2779156327543426
2.4,40.2,7.6,7550.555555555556,49.8,1.2388059701492535
2.1,40.7,6.8,7616.666666666666,50.4,1.2383292383292381
3.5,38.1,7.7,7420.0,50.7,1.330708661417323
2.4,32.1,11.6,7330.0,53.9,1.6791277258566977
3.6,32.5,6.3,7705.0,57.6,1.7723076923076924
4.0,25.5,3.4,7951.111111111111,67.1,2.631372549019608
4.0,30.9,13.2,6801.666666666666,51.900000000000006,1.6796116504854373
3.6,33.8,8.6,7206.111111111111,54.0,1.5976331360946747
4.2,37.2,2.9,7742.222222222222,55.699999999999996,1.497311827956989
3.7,35.8,4.2,7669.444444444444,56.300000000000004,1.5726256983240225
2.9,33.4,20.9,6273.888888888889,42.800000000000004,1.281437125748503
4.3,34.6,9.4,7119.444444444444,51.7,1.4942196531791907
3.1,32.2,3.3,7965.555555555556,61.4,1.9068322981366457
3.2,32.5,3.7,7891.666666666666,60.6,1.8646153846153846
3.3,30.5,4.3,7931.111111111111,61.9,2.0295081967213116
4.8,29.3,6.0,7278.888888888889,59.9,2.044368600682594
4.2,36.7,7.1,7410.0,52.0,1.416893732970027
4.3,37.0,5.1,7546.111111111111,53.6,1.4486486486486487
3.7,35.1,10.3,7083.888888888889,50.9,1.45014245014245
5.2,33.6,6.7,7208.888888888889,54.5,1.6220238095238095
4.6,31.7,1.7,7897.777777777777,62.0,1.9558359621451105
3.9,38.2,3.4,7749.444444444444,54.5,1.426701570680628
2.3,36.3,4.0,7991.666666666666,57.400000000000006,1.5812672176308542
2.8,31.8,7.1,7702.777777777777,58.3,1.8333333333333333
1.6,34.1,12.6,7338.333333333333,51.7,1.5161290322580645
3.7,33.1,10.2,7160.0,53.0,1.6012084592145015
3.9,34.9,8.8,7318.888888888889,52.4,1.501432664756447
2.3,31.1,5.4,7969.444444444444,61.199999999999996,1.967845659163987
1.8,30.4,4.2,8159.444444444444,63.6,2.0921052631578947
2.6,34.4,4.4,7893.888888888889,58.6,1.7034883720930234
5.1,34.9,2.4,7749.444444444444,57.6,1.6504297994269341
1.8,35.2,9.4,7521.111111111111,53.599999999999994,1.5227272727272725
2.1,34.9,9.0,7507.222222222222,54.0,1.5472779369627507
1.9,35.0,5.5,7915.555555555556,57.6,1.6457142857142857
2.6,34.0,5.1,7851.666666666666,58.3,1.714705882352941
3.2,37.0,7.1,7513.333333333333,52.7,1.4243243243243244
2.4,31.7,13.3,7042.222222222222,52.6,1.6593059936908519
2.5,33.9,3.4,8062.777777777777,60.2,1.7758112094395282
2.0,34.0,10.3,7419.444444444444,53.7,1.5794117647058825
3.0,32.9,7.0,7574.444444444444,57.1,1.7355623100303952
0.9,28.4,12.6,7420.0,58.1,2.045774647887324
1.1,28.6,10.4,7595.0,59.9,2.094405594405594
0.9,27.8,7.4,7842.222222222222,63.9,2.2985611510791366
0.9,26.2,15.3,7220.555555555556,57.6,2.198473282442748
3.4,36.0,4.6,7940.555555555556,56.0,1.5555555555555556
3.6,36.8,5.7,7709.444444444444,53.900000000000006,1.4646739130434785
3.6,30.8,17.0,6585.0,48.599999999999994,1.5779220779220777
3.4,32.7,14.0,6948.888888888889,49.9,1.5259938837920488
4.3,30.4,4.4,7922.777777777777,60.900000000000006,2.0032894736842106
3.9,37.1,6.0,7641.666666666666,53.0,1.4285714285714286
1.7,33.8,11.2,7402.777777777777,53.300000000000004,1.576923076923077
2.9,33.2,8.2,7553.333333333333,55.699999999999996,1.6777108433734937
2.4,34.2,4.9,7972.222222222222,58.5,1.7105263157894735
1.8,25.8,16.6,7072.222222222222,55.8,2.1627906976744184
2.6,38.9,8.2,7183.888888888889,50.300000000000004,1.2930591259640105
7.4,34.2,9.1,6900.555555555556,49.3,1.4415204678362572
3.1,34.7,6.4,7735.555555555556,55.8,1.6080691642651295
2.3,30.4,6.2,7867.222222222222,61.1,2.009868421052632
1.6,31.5,6.1,7970.0,60.8,1.93015873015873
1.8,32.9,4.4,8088.888888888889,60.9,1.8510638297872342
1.2,33.6,2.9,8347.777777777777,62.3,1.8541666666666665
1.3,32.0,6.0,7997.777777777777,60.7,1.896875
2.6,24.9,9.4,7550.555555555556,63.1,2.534136546184739
1.9,37.6,5.7,7762.777777777777,54.8,1.4574468085106382
4.1,29.2,6.9,7682.777777777777,59.8,2.047945205479452
6.9,37.4,8.5,6507.222222222222,47.2,1.2620320855614975
2.9,36.5,10.4,6980.0,50.2,1.3753424657534248
6.0,44.2,7.2,6801.666666666666,42.599999999999994,0.9638009049773754
3.6,38.8,9.6,6994.444444444444,48.0,1.2371134020618557
4.3,38.5,8.2,7028.888888888889,49.0,1.2727272727272727
4.1,37.6,9.7,6898.888888888889,48.6,1.2925531914893618
4.6,34.4,16.1,6305.0,44.9,1.305232558139535
3.7,38.7,11.5,6726.111111111111,46.099999999999994,1.1912144702842375
3.4,40.6,11.7,6662.777777777777,44.3,1.0911330049261083
2.7,29.6,5.4,7990.555555555556,62.3,2.1047297297297294
2.2,30.0,6.4,7927.777777777777,61.4,2.0466666666666664
3.5,30.2,6.6,7715.0,59.7,1.9768211920529803
6.0,25.3,14.8,6690.555555555556,53.9,2.1304347826086953
6.3,27.0,5.8,7340.555555555556,60.9,2.2555555555555555
6.7,27.9,5.1,7326.111111111111,60.3,2.161290322580645
20.0,23.5,7.3,5918.333333333333,49.2,2.0936170212765957
10.3,26.0,4.9,6840.0,58.8,2.2615384615384615
11.3,24.4,7.8,6597.222222222222,56.5,2.3155737704918034
8.1,26.4,6.7,7283.888888888889,58.8,2.227272727272727
3.3,27.9,9.1,7429.444444444444,59.7,2.1397849462365595
3.1,29.6,6.5,7707.222222222222,60.8,2.054054054054054
4.6,27.9,5.7,7347.777777777777,61.8,2.21505376344086
2.1,40.9,1.9,8031.666666666666,55.1,1.3471882640586799
1.8,38.5,2.5,8013.888888888889,57.2,1.4857142857142858
2.1,34.6,10.2,7224.444444444444,53.1,1.5346820809248554
1.8,31.7,15.7,6708.333333333333,50.8,1.6025236593059937
1.6,35.4,11.6,7186.111111111111,51.400000000000006,1.4519774011299438
1.5,35.2,11.1,7171.666666666666,52.199999999999996,1.4829545454545452
2.9,39.7,6.9,7303.888888888889,50.5,1.2720403022670024
0.7,39.0,8.9,7595.0,51.4,1.317948717948718
1.1,37.3,7.9,7535.555555555556,53.7,1.439678284182306
1.1,37.9,8.4,7507.777777777777,52.6,1.3878627968337731
1.7,33.6,12.9,7007.222222222222,51.8,1.5416666666666665
2.5,32.2,3.8,7970.0,61.5,1.9099378881987576
2.8,31.6,2.2,8136.111111111111,63.4,2.0063291139240507
2.9,35.1,2.8,8050.0,59.2,1.6866096866096867
3.0,31.5,5.6,7791.111111111111,59.9,1.9015873015873015
7.6,37.5,7.7,6634.444444444444,47.2,1.2586666666666668
6.1,40.2,9.4,6540.0,44.3,1.1019900497512436
4.3,42.7,10.1,6730.555555555556,42.9,1.0046838407494145
4.9,39.9,15.0,6252.777777777777,40.2,1.0075187969924813
3.8,41.1,14.7,6288.888888888889,40.4,0.9829683698296836
6.6,39.9,11.6,6311.111111111111,41.900000000000006,1.0501253132832082
3.4,42.3,13.9,6507.222222222222,40.400000000000006,0.955082742316785
5.1,37.6,15.9,6090.0,41.4,1.101063829787234
4.5,38.3,19.2,5783.888888888889,38.0,0.9921671018276763
9.3,36.3,5.4,6653.888888888889,49.0,1.3498622589531681
6.8,39.0,11.8,6239.444444444444,42.4,1.087179487179487
6.5,40.7,11.8,6236.666666666666,41.0,1.0073710073710074
6.1,39.5,9.2,6579.444444444444,45.2,1.1443037974683545
6.1,41.5,9.5,6554.444444444444,42.9,1.033734939759036
10.6,32.0,10.5,6008.333333333333,46.9,1.465625
6.3,38.7,7.6,6680.555555555556,47.4,1.2248062015503876
5.5,37.6,17.4,5797.777777777777,39.5,1.050531914893617
1.8,24.2,9.0,7558.333333333333,65.0,2.6859504132231407
1.8,23.1,8.1,7498.888888888889,67.0,2.9004329004329
11.1,23.2,6.7,6287.777777777777,59.0,2.543103448275862
8.6,22.6,4.5,7110.555555555556,64.3,2.8451327433628317
3.7,23.5,10.0,7403.888888888889,62.8,2.6723404255319148
5.1,25.4,6.8,7557.222222222222,62.7,2.468503937007874
1.6,25.1,14.7,7139.444444444444,58.599999999999994,2.334661354581673
3.0,32.7,7.3,7320.555555555556,57.0,1.7431192660550456
1.8,23.0,14.4,7017.777777777777,60.8,2.643478260869565
13.5,26.6,3.9,5988.333333333333,56.0,2.1052631578947367
2.1,29.3,8.1,7630.555555555556,60.5,2.0648464163822524
2.8,21.7,12.6,7215.555555555556,62.900000000000006,2.8986175115207375
2.4,29.0,8.5,7495.0,60.1,2.0724137931034483
2.5,23.3,5.4,7918.333333333333,68.8,2.952789699570815
4.4,31.0,4.2,7486.666666666666,60.4,1.9483870967741934
2.3,36.0,15.9,6659.444444444444,45.8,1.2722222222222221
5.6,30.5,12.9,6378.333333333333,51.0,1.6721311475409837
4.0,31.0,10.2,7038.333333333333,54.8,1.7677419354838708
2.6,23.3,8.6,7631.666666666666,65.5,2.8111587982832615
1.3,26.5,13.9,7186.666666666666,58.3,2.1999999999999997
2.0,24.8,11.6,7355.555555555556,61.6,2.4838709677419355
1.2,25.5,14.8,7160.555555555556,58.5,2.2941176470588234
1.4,24.6,8.0,7798.888888888889,66.0,2.6829268292682924
1.4,28.2,12.9,7220.0,57.5,2.0390070921985815
7.7,38.4,12.4,6117.222222222222,41.5,1.0807291666666667
5.9,40.5,8.5,6703.333333333333,45.1,1.1135802469135803
6.2,41.8,10.0,6603.888888888889,42.0,1.0047846889952154
5.4,40.3,8.7,6718.333333333333,45.6,1.13151364764268
8.3,36.4,9.3,6368.888888888889,46.0,1.2637362637362637
5.5,38.7,17.3,5949.444444444444,38.5,0.9948320413436692
5.9,42.1,9.9,6585.555555555556,42.099999999999994,0.9999999999999998
3.6,43.0,10.9,6705.555555555556,42.5,0.9883720930232558
5.9,40.8,10.9,6568.888888888889,42.400000000000006,1.03921568627451
6.5,37.5,11.9,6350.555555555556,44.1,1.176
8.1,38.7,6.3,6791.666666666666,46.9,1.2118863049095605
7.8,36.6,13.9,6005.0,41.7,1.139344262295082
6.9,34.4,10.4,6434.444444444444,48.3,1.4040697674418605
6.0,40.9,10.2,6615.555555555556,42.900000000000006,1.0488997555012227
7.3,40.7,4.6,7012.222222222222,47.4,1.1646191646191646
8.6,34.9,4.8,6834.444444444444,51.7,1.4813753581661893
0.6,23.0,10.1,7678.888888888889,66.3,2.882608695652174
1.5,20.7,21.9,6360.555555555556,55.900000000000006,2.70048309178744
2.3,26.5,7.8,7715.555555555556,63.4,2.392452830188679
2.8,35.9,12.0,7012.777777777777,49.3,1.373259052924791
2.5,42.2,9.3,7263.888888888889,46.0,1.0900473933649288
1.5,39.1,16.7,6680.555555555556,42.7,1.092071611253197
2.3,40.0,11.7,6948.888888888889,46.0,1.15
2.5,37.0,14.6,6768.333333333333,45.9,1.2405405405405405
1.4,37.5,23.1,5940.0,38.0,1.0133333333333334
1.0,40.2,23.2,6152.777777777777,35.599999999999994,0.8855721393034823
1.7,41.9,9.3,7315.0,47.1,1.1241050119331744
2.3,36.9,12.7,7034.444444444444,48.1,1.3035230352303524
2.9,34.7,19.7,6275.0,42.7,1.2305475504322767
1.5,40.2,12.3,7084.444444444444,46.0,1.144278606965174
1.6,39.9,10.8,7181.666666666666,47.7,1.1954887218045114
1.8,40.8,13.2,6765.0,44.2,1.0833333333333335
1.6,39.2,14.8,6844.444444444444,44.39999999999999,1.1326530612244894
1.9,39.4,15.7,6837.222222222222,43.0,1.0913705583756346
3.1,38.9,9.3,7169.444444444444,48.7,1.2519280205655527
2.1,37.7,17.3,6627.222222222222,42.89999999999999,1.1379310344827582
2.4,40.6,15.8,6730.555555555556,41.2,1.0147783251231528
1.5,36.8,24.8,5993.888888888889,36.900000000000006,1.0027173913043481
3.1,36.5,11.0,7090.555555555556,49.4,1.3534246575342466
2.8,42.6,9.2,7228.333333333333,45.4,1.0657276995305163
2.5,42.3,9.2,7216.666666666666,46.0,1.0874704491725768
3.1,34.5,17.1,6512.777777777777,45.3,1.3130434782608695
2.9,32.3,20.4,6252.222222222222,44.400000000000006,1.3746130030959756
2.1,37.4,20.3,6342.222222222222,40.2,1.0748663101604279
3.0,38.4,15.6,6657.222222222222,43.0,1.1197916666666667
1.9,41.7,14.8,6917.222222222222,41.599999999999994,0.9976019184652276
2.4,35.0,19.2,6388.888888888889,43.400000000000006,1.2400000000000002
5.0,28.9,26.5,5446.666666666667,39.6,1.370242214532872
3.4,41.7,10.5,7049.444444444444,44.4,1.0647482014388487
9.9,39.8,3.2,6698.333333333333,47.1,1.1834170854271358
7.0,41.0,6.9,6761.111111111111,45.1,1.1
6.0,40.6,11.9,6319.444444444444,41.5,1.022167487684729
6.7,40.8,11.4,6255.0,41.1,1.0073529411764708
8.4,35.6,6.9,6592.222222222222,49.099999999999994,1.3792134831460672
6.0,38.5,13.2,6130.0,42.3,1.0987012987012987
8.9,36.8,5.6,6675.0,48.7,1.3233695652173916
6.8,35.3,11.7,6281.666666666666,46.2,1.3087818696883855
7.6,37.6,14.0,5862.222222222222,40.8,1.0851063829787233
13.5,37.3,11.0,5590.0,38.2,1.024128686327078
9.2,35.5,8.8,6363.333333333333,46.5,1.3098591549295775
9.0,36.2,8.2,6411.666666666666,46.599999999999994,1.2872928176795577
7.0,38.0,12.6,6092.222222222222,42.4,1.1157894736842104
7.5,36.6,11.1,6227.777777777777,44.8,1.2240437158469943
6.2,38.2,14.0,6025.0,41.599999999999994,1.089005235602094
8.4,36.2,11.5,6107.222222222222,43.9,1.2127071823204418
5.5,38.8,10.6,6355.0,45.1,1.1623711340206186
6.4,39.6,7.2,6695.0,46.8,1.1818181818181817
7.6,37.0,9.3,6203.333333333333,46.1,1.2459459459459459
5.5,41.9,10.3,6435.0,42.3,1.009546539379475
11.6,32.2,9.1,5921.111111111111,47.099999999999994,1.462732919254658
7.0,40.0,10.6,6258.888888888889,42.4,1.06
4.8,41.5,16.2,5935.0,37.5,0.9036144578313253
6.6,40.3,12.6,6133.333333333333,40.5,1.0049627791563276
1.1,21.8,6.9,7927.777777777777,70.2,3.220183486238532
1.3,21.6,5.7,8040.0,71.4,3.305555555555556
1.5,23.9,10.7,7483.888888888889,63.900000000000006,2.673640167364017
1.4,27.0,5.8,7928.333333333333,65.8,2.437037037037037
6.7,25.3,7.9,6472.222222222222,60.099999999999994,2.3754940711462447
6.2,22.8,11.7,6193.333333333333,59.3,2.600877192982456
1.4,27.1,7.6,7713.333333333333,63.9,2.357933579335793
1.5,28.0,2.5,8313.888888888889,68.0,2.4285714285714284
1.3,20.5,3.1,8286.111111111111,75.1,3.663414634146341
1.1,21.8,2.2,8425.555555555555,74.9,3.4357798165137616
1.3,20.4,7.4,7863.333333333333,70.9,3.475490196078432
1.5,20.9,2.1,8320.555555555555,75.5,3.61244019138756
1.3,22.0,9.3,7696.666666666666,67.4,3.063636363636364
1.2,20.3,6.4,8407.222222222223,72.1,3.5517241379310343
7.9,21.8,6.7,6220.555555555556,63.599999999999994,2.9174311926605503
1.3,20.2,3.6,8251.111111111111,74.9,3.7079207920792085
1.5,21.8,5.3,8072.222222222222,71.4,3.2752293577981653
11.0,28.2,6.7,6672.222222222222,54.1,1.9184397163120568
2.7,32.8,3.2,7950.0,61.300000000000004,1.8689024390243905
3.0,31.7,9.9,7292.777777777777,55.4,1.747634069400631
1.9,26.4,13.0,7342.222222222222,58.7,2.2234848484848486
4.9,32.3,5.3,7616.666666666666,57.5,1.780185758513932
2.7,32.0,11.6,7238.888888888889,53.7,1.678125
1.8,20.7,17.7,6745.0,59.8,2.888888888888889
1.4,21.3,12.3,7355.555555555556,65.0,3.051643192488263
1.3,23.6,18.0,6815.0,57.099999999999994,2.4194915254237284
4.0,32.1,5.4,7677.777777777777,58.5,1.822429906542056
5.5,33.7,6.2,7352.777777777777,54.599999999999994,1.6201780415430265
1.3,38.2,4.1,8066.666666666666,56.4,1.4764397905759161
1.7,36.3,4.1,7969.444444444444,57.900000000000006,1.5950413223140498
1.3,34.2,18.2,6488.888888888889,46.3,1.3538011695906431
1.7,38.2,3.8,7819.444444444444,56.3,1.4738219895287956
2.0,37.5,2.4,7959.444444444444,58.1,1.5493333333333335
1.9,37.5,2.5,7945.555555555556,58.1,1.5493333333333335
4.0,34.5,2.3,7831.666666666666,59.2,1.7159420289855074
3.6,37.0,2.3,7625.0,57.1,1.5432432432432432
1.8,34.4,22.2,6150.0,41.6,1.2093023255813955
2.8,40.1,10.0,7006.111111111111,47.099999999999994,1.1745635910224437
2.7,43.0,5.7,7528.888888888889,48.6,1.130232558139535
3.8,34.3,11.9,6795.555555555556,50.0,1.457725947521866
3.2,40.8,8.8,7012.222222222222,47.2,1.1568627450980393
2.5,38.6,11.9,6945.555555555556,47.0,1.2176165803108807
3.4,39.1,12.8,6767.777777777777,44.7,1.143222506393862
3.9,33.7,10.3,7039.444444444444,52.099999999999994,1.5459940652818989
2.9,38.8,8.3,7284.444444444444,50.0,1.288659793814433
2.0,43.4,5.5,7615.555555555556,49.1,1.131336405529954
3.7,36.0,10.4,6978.333333333333,49.9,1.386111111111111
2.5,36.6,17.0,6540.0,43.9,1.1994535519125682
1.2,41.7,7.4,7585.0,49.699999999999996,1.1918465227817745
2.7,40.1,2.4,7790.0,54.8,1.366583541147132
1.1,33.9,7.6,7741.666666666666,57.400000000000006,1.6932153392330387
1.6,42.5,12.2,7039.444444444444,43.7,1.0282352941176471
1.5,44.6,11.3,7057.222222222222,42.599999999999994,0.9551569506726456
1.7,27.7,9.1,7546.666666666666,61.5,2.220216606498195
1.6,43.7,7.4,7669.444444444444,47.3,1.0823798627002288
1.8,41.1,3.0,7950.0,54.1,1.316301703163017
3.3,32.4,20.1,6135.0,44.2,1.3641975308641976
3.3,32.2,23.1,5803.888888888889,41.39999999999999,1.2857142857142854
10.3,31.6,8.4,5534.444444444444,49.699999999999996,1.572784810126582
4.1,39.0,4.2,7557.222222222222,52.7,1.3512820512820514
2.5,43.3,14.1,6740.0,40.1,0.9260969976905312
3.1,35.3,23.8,5721.666666666667,37.8,1.0708215297450425
4.1,31.4,26.9,5383.333333333333,37.6,1.1974522292993632
2.7,40.2,9.6,7283.888888888889,47.5,1.181592039800995
2.3,37.7,19.0,6408.333333333333,41.0,1.0875331564986737
1.8,34.3,25.7,6036.666666666667,38.2,1.1137026239067058
2.5,41.9,11.0,7199.444444444444,44.6,1.064439140811456
2.5,36.1,22.0,6190.555555555556,39.4,1.0914127423822715
2.5,39.5,13.0,6979.444444444444,45.0,1.139240506329114
3.2,36.7,19.4,6318.333333333333,40.7,1.108991825613079
3.1,38.2,10.4,7059.444444444444,48.3,1.264397905759162
3.9,38.3,14.8,6630.0,43.0,1.122715404699739
3.0,36.3,23.1,5978.888888888889,37.6,1.0358126721763086
3.7,39.8,7.1,7300.555555555556,49.400000000000006,1.241206030150754
1.8,41.2,12.5,7168.888888888889,44.5,1.0800970873786406
2.9,38.1,17.8,6416.666666666666,41.2,1.0813648293963254
2.3,35.8,21.2,6123.333333333333,40.7,1.1368715083798884
2.8,35.1,14.4,6806.666666666666,47.7,1.358974358974359
2.5,40.6,10.8,7195.555555555556,46.099999999999994,1.1354679802955663
1.6,43.5,11.4,7190.0,43.5,1.0
1.6,37.0,15.7,6855.0,45.7,1.2351351351351352
2.1,43.2,11.8,6986.111111111111,42.9,0.9930555555555555
1.4,42.0,11.4,7272.777777777777,45.2,1.0761904761904764
1.6,37.2,18.9,6518.333333333333,42.3,1.1370967741935483
1.0,20.0,12.2,7401.111111111111,66.8,3.34
6.2,42.7,8.7,6782.222222222222,42.4,0.9929742388758781
6.2,41.0,8.9,6760.0,43.9,1.0707317073170732
10.1,39.6,5.7,6542.777777777777,44.599999999999994,1.126262626262626
8.5,38.9,9.9,6368.333333333333,42.7,1.0976863753213368
8.5,37.5,8.9,6447.777777777777,45.1,1.2026666666666668
7.9,37.8,13.1,6162.222222222222,41.2,1.08994708994709
8.0,40.9,7.1,6778.333333333333,44.0,1.075794621026895
8.6,37.7,4.8,6826.111111111111,48.9,1.2970822281167107
6.4,44.4,9.1,6697.777777777777,40.1,0.9031531531531533
4.2,39.6,22.9,5372.777777777777,33.3,0.8409090909090908
7.1,37.1,13.5,6111.666666666667,42.3,1.1401617250673852
11.8,32.7,3.3,6660.0,52.199999999999996,1.5963302752293576
5.1,39.4,13.8,6397.777777777777,41.7,1.0583756345177666
5.4,40.2,19.1,5970.555555555556,35.3,0.8781094527363182
6.8,37.5,14.5,6131.666666666667,41.2,1.0986666666666667
9.1,33.2,13.0,6013.888888888889,44.699999999999996,1.3463855421686746
6.3,42.6,4.7,7066.111111111111,46.4,1.0892018779342723
9.1,34.9,6.9,6649.444444444444,49.1,1.4068767908309456
6.2,41.9,10.7,6613.333333333333,41.2,0.983293556085919
6.9,38.0,12.1,6204.444444444444,43.0,1.131578947368421
5.7,39.1,9.8,6701.666666666666,45.4,1.1611253196930946
1.1,29.1,12.7,7285.0,57.1,1.9621993127147765
3.5,38.7,12.5,6859.444444444444,45.3,1.1705426356589146
3.7,39.1,12.9,6884.444444444444,44.3,1.1329923273657287
2.4,43.2,10.7,7035.555555555556,43.699999999999996,1.011574074074074
3.1,38.8,12.0,6983.333333333333,46.1,1.1881443298969074
2.7,37.5,18.3,6356.111111111111,41.5,1.1066666666666667
2.2,42.0,9.5,7233.333333333333,46.3,1.1023809523809522
2.5,42.4,9.7,7197.222222222222,45.400000000000006,1.0707547169811322
3.9,34.4,6.3,7629.444444444444,55.400000000000006,1.61046511627907
3.0,34.2,8.9,7438.333333333333,53.9,1.5760233918128652
6.6,36.2,12.3,6538.333333333333,44.9,1.240331491712707
3.8,39.3,10.4,6876.111111111111,46.5,1.183206106870229
4.4,36.4,10.4,6877.222222222222,48.8,1.3406593406593406
5.4,37.9,11.0,6694.444444444444,45.7,1.2058047493403694
7.9,31.9,9.4,6576.111111111111,50.8,1.592476489028213
2.3,39.5,10.8,7037.777777777777,47.4,1.2
2.9,36.5,17.4,6342.777777777777,43.2,1.1835616438356165
4.6,32.7,20.4,5896.666666666667,42.3,1.293577981651376
4.7,33.5,7.5,7180.0,54.3,1.6208955223880597
4.6,35.4,12.1,6732.222222222222,47.900000000000006,1.3531073446327686
3.7,30.7,25.2,5586.111111111111,40.400000000000006,1.3159609120521174
7.3,34.1,9.1,6629.444444444444,49.5,1.4516129032258065
3.7,36.8,9.9,6978.333333333333,49.6,1.347826086956522
4.1,34.5,7.3,7286.666666666666,54.1,1.5681159420289856
4.6,36.7,20.2,5928.333333333333,38.5,1.0490463215258854
3.6,39.2,9.6,7025.555555555556,47.599999999999994,1.214285714285714
3.7,38.2,8.6,7108.333333333333,49.5,1.2958115183246073
13.8,28.8,7.8,5238.888888888889,49.599999999999994,1.7222222222222219
4.4,35.9,10.3,6930.0,49.4,1.3760445682451254
5.2,35.4,10.8,6570.0,48.6,1.3728813559322035
4.5,33.4,20.4,5964.444444444444,41.7,1.2485029940119763
5.3,34.3,13.5,6506.111111111111,46.900000000000006,1.3673469387755104
3.6,37.3,11.6,6810.0,47.5,1.2734584450402147
4.3,36.5,16.0,6402.777777777777,43.2,1.1835616438356165
3.8,34.3,16.2,6435.555555555556,45.7,1.3323615160349855
3.6,39.1,9.0,7083.888888888889,48.3,1.2352941176470587
2.4,36.7,20.3,6236.666666666666,40.599999999999994,1.1062670299727517
4.0,34.2,21.5,5969.444444444444,40.3,1.178362573099415
3.8,34.1,19.7,6115.555555555556,42.4,1.2434017595307918
4.2,33.2,20.4,5957.222222222222,42.2,1.2710843373493976
4.1,31.8,22.3,5835.555555555556,41.8,1.3144654088050314
4.0,35.7,9.2,7076.111111111111,51.099999999999994,1.4313725490196076
4.4,37.1,9.8,6941.666666666666,48.699999999999996,1.3126684636118597
3.3,39.0,11.4,6889.444444444444,46.3,1.1871794871794872
12.8,29.2,15.2,5251.111111111111,42.8,1.465753424657534
3.0,40.7,11.2,6926.666666666666,45.099999999999994,1.108108108108108
3.6,38.6,13.7,6667.777777777777,44.099999999999994,1.1424870466321242
5.5,33.7,15.3,6324.444444444444,45.5,1.3501483679525221
4.5,38.5,9.4,6878.333333333333,47.6,1.2363636363636363
3.8,36.8,14.5,6503.888888888889,44.900000000000006,1.220108695652174
3.4,37.7,6.0,7466.111111111111,52.9,1.4031830238726788
2.8,35.7,15.2,6705.555555555556,46.3,1.2969187675070026
3.2,38.1,10.0,7115.555555555556,48.7,1.2782152230971129
3.6,21.4,10.8,7203.333333333333,64.2,3.0000000000000004
3.3,31.8,16.0,6738.333333333333,48.9,1.5377358490566038
2.7,36.9,3.0,7993.333333333333,57.4,1.5555555555555556
3.8,33.4,11.0,7215.0,51.8,1.5508982035928143
3.1,32.6,10.7,7331.666666666666,53.6,1.6441717791411044
2.8,28.8,10.3,7519.444444444444,58.099999999999994,2.0173611111111107
3.9,33.7,4.7,7854.444444444444,57.699999999999996,1.7121661721068246
2.2,32.8,12.7,7243.333333333333,52.300000000000004,1.5945121951219514
2.5,33.1,10.6,7406.111111111111,53.8,1.6253776435045315
1.9,43.8,9.0,7243.888888888889,45.300000000000004,1.034246575342466
2.0,42.3,11.2,6996.111111111111,44.5,1.0520094562647755
2.3,39.5,9.9,7169.444444444444,48.3,1.2227848101265821
2.2,39.9,11.1,7225.0,46.8,1.1729323308270676
2.2,37.1,11.3,7196.666666666666,49.4,1.3315363881401616
3.0,38.8,11.9,6951.111111111111,46.300000000000004,1.1932989690721651
3.4,33.6,19.1,6177.222222222222,43.9,1.3065476190476188
2.8,38.7,10.5,7063.888888888889,48.0,1.2403100775193798
5.7,36.2,6.7,7081.666666666666,51.4,1.4198895027624308
5.6,37.2,5.6,7162.222222222222,51.599999999999994,1.387096774193548
7.8,37.7,5.9,6788.333333333333,48.599999999999994,1.289124668435013
5.4,33.4,17.2,5978.888888888889,44.0,1.3173652694610778
3.6,41.6,7.1,7332.222222222222,47.7,1.1466346153846154
7.4,33.9,1.6,7181.111111111111,57.1,1.6843657817109146
3.7,41.5,4.7,7527.222222222222,50.1,1.2072289156626506
6.8,35.3,0.9,7383.888888888889,57.0,1.614730878186969
6.6,36.2,0.9,7416.111111111111,56.3,1.5552486187845302
1.6,29.6,18.6,6677.777777777777,50.199999999999996,1.6959459459459456
2.0,32.5,14.2,6946.111111111111,51.3,1.5784615384615384
1.6,33.7,10.7,7342.222222222222,54.0,1.602373887240356
1.7,19.8,15.4,7039.444444444444,63.099999999999994,3.1868686868686864
4.4,39.0,6.3,7086.666666666666,50.3,1.2897435897435896
7.3,40.2,8.9,6587.222222222222,43.599999999999994,1.0845771144278604
6.7,39.7,10.4,6607.777777777777,43.199999999999996,1.08816120906801
5.2,42.9,6.9,7058.888888888889,45.0,1.048951048951049
5.9,42.0,6.3,7019.444444444444,45.8,1.0904761904761904
5.4,36.2,8.4,6943.333333333333,50.0,1.3812154696132595
5.8,38.7,10.9,6575.555555555556,44.599999999999994,1.1524547803617569
9.6,37.3,7.1,6575.0,46.0,1.2332439678284184
7.3,40.0,6.0,6900.0,46.7,1.1675
7.6,37.6,8.9,6597.777777777777,45.9,1.2207446808510638
7.2,41.6,9.6,6580.555555555556,41.599999999999994,0.9999999999999998
6.7,39.1,10.4,6509.444444444444,43.8,1.1202046035805626
7.2,38.4,6.8,6809.444444444444,47.6,1.2395833333333335
6.4,44.2,8.1,6823.333333333333,41.3,0.9343891402714931
7.2,34.0,13.2,6346.111111111111,45.6,1.3411764705882354
6.4,40.5,5.9,6915.555555555556,47.2,1.165432098765432
5.1,41.2,7.2,6998.888888888889,46.5,1.128640776699029
5.6,38.0,10.2,6675.555555555556,46.2,1.2157894736842105
7.0,32.6,17.1,5835.0,43.3,1.3282208588957054
5.3,39.0,11.5,6552.222222222222,44.2,1.1333333333333333
7.3,36.0,12.2,6292.777777777777,44.5,1.2361111111111112
6.5,38.9,8.7,6666.666666666666,45.900000000000006,1.1799485861182522
6.2,41.2,7.2,6867.222222222222,45.4,1.1019417475728155
6.7,39.6,4.8,6970.0,48.9,1.2348484848484849
9.7,37.7,7.6,6374.444444444444,45.0,1.1936339522546418
6.0,37.5,14.3,6250.0,42.2,1.1253333333333335
4.1,38.9,14.7,6405.0,42.300000000000004,1.0874035989717226
5.2,37.3,14.4,6325.0,43.1,1.155495978552279
4.2,39.2,12.1,6646.666666666666,44.5,1.135204081632653
6.6,35.5,3.6,7225.0,54.3,1.5295774647887324
5.9,35.9,5.9,7156.666666666666,52.3,1.456824512534819
5.1,34.9,10.7,6793.333333333333,49.300000000000004,1.4126074498567338
3.3,32.4,23.4,5804.444444444444,40.900000000000006,1.262345679012346
15.8,23.1,5.4,5745.0,55.699999999999996,2.4112554112554108
6.4,20.0,8.5,7126.111111111111,65.1,3.255
8.2,22.0,8.0,6927.777777777777,61.8,2.809090909090909
8.2,21.7,20.8,5771.666666666667,49.3,2.271889400921659
9.2,22.5,21.7,5590.0,46.6,2.071111111111111
11.4,21.8,10.1,6383.888888888889,56.7,2.6009174311926606
7.4,23.1,10.1,7080.555555555556,59.4,2.571428571428571
4.9,21.4,11.7,6890.555555555556,62.0,2.897196261682243
16.4,23.4,5.5,5711.111111111111,54.7,2.3376068376068377
13.8,22.8,8.4,6287.777777777777,55.0,2.4122807017543857
17.6,21.1,11.0,5358.333333333333,50.3,2.3838862559241702
10.8,21.6,9.2,6308.888888888889,58.4,2.7037037037037033
13.8,20.1,15.3,5618.888888888889,50.8,2.5273631840796016
2.2,32.7,16.0,6778.888888888889,49.099999999999994,1.5015290519877673
2.0,31.1,21.5,6309.444444444444,45.4,1.4598070739549838
2.0,34.6,13.0,7086.111111111111,50.4,1.4566473988439306
2.4,33.0,16.9,6658.333333333333,47.7,1.4454545454545455
4.7,30.2,19.8,6257.222222222222,45.3,1.5
1.9,32.7,24.2,5999.444444444444,41.2,1.2599388379204892
1.9,34.9,17.2,6682.777777777777,46.0,1.3180515759312321
1.8,32.8,20.2,6450.555555555556,45.2,1.378048780487805
2.4,31.7,20.7,6243.888888888889,45.2,1.4258675078864353
2.0,34.4,14.3,6905.555555555556,49.3,1.4331395348837208
3.0,34.3,6.3,7487.777777777777,56.400000000000006,1.644314868804665
2.5,35.4,10.5,7276.666666666666,51.6,1.457627118644068
3.6,30.5,9.5,7109.444444444444,56.4,1.8491803278688523
2.7,31.3,4.7,7935.555555555556,61.3,1.9584664536741212
2.2,31.8,5.7,7888.333333333333,60.3,1.8962264150943395
4.0,25.6,13.4,7077.222222222222,57.0,2.2265625
3.3,32.6,3.6,8038.888888888889,60.5,1.8558282208588956
3.4,28.8,15.8,6879.444444444444,52.0,1.8055555555555556
2.2,30.8,11.1,7442.222222222222,55.9,1.8149350649350648
3.5,33.5,6.8,7458.333333333333,56.2,1.6776119402985075
2.2,34.5,6.8,7603.888888888889,56.5,1.6376811594202898
4.0,34.6,3.6,7923.333333333333,57.8,1.6705202312138727
11.4,22.4,25.1,4798.333333333333,41.1,1.8348214285714288
7.2,38.6,3.9,7003.333333333333,50.3,1.3031088082901554
5.7,36.3,5.6,7202.222222222222,52.400000000000006,1.4435261707988984
6.9,39.9,7.6,6798.888888888889,45.6,1.142857142857143
3.1,38.0,13.0,6788.333333333333,45.9,1.2078947368421051
3.2,38.5,13.3,6750.555555555556,45.0,1.1688311688311688
5.1,40.7,4.8,7192.777777777777,49.4,1.2137592137592137
6.1,37.6,12.7,6301.111111111111,43.6,1.1595744680851063
16.3,33.7,8.3,5337.222222222222,41.699999999999996,1.237388724035608
5.4,40.3,7.7,6966.666666666666,46.6,1.1563275434243176
4.6,42.6,4.2,7358.333333333333,48.599999999999994,1.140845070422535
5.0,40.7,7.7,7013.333333333333,46.599999999999994,1.1449631449631448
7.3,38.7,5.4,6711.666666666666,48.599999999999994,1.2558139534883719
6.1,40.3,3.5,7131.111111111111,50.1,1.2431761786600497
6.7,39.2,3.0,7167.777777777777,51.099999999999994,1.3035714285714284
5.0,40.3,12.0,6555.555555555556,42.7,1.0595533498759306
4.7,39.6,14.6,6411.111111111111,41.099999999999994,1.0378787878787876
5.0,41.0,6.8,7122.222222222222,47.2,1.151219512195122
4.3,42.0,10.3,6769.444444444444,43.4,1.0333333333333332
13.0,35.4,4.2,6046.666666666667,47.400000000000006,1.3389830508474578
6.4,40.2,2.8,7152.777777777777,50.599999999999994,1.2587064676616913
4.8,43.5,4.5,7290.0,47.2,1.085057471264368
5.3,40.2,5.7,7120.0,48.8,1.2139303482587063
2.1,31.7,2.4,8130.0,63.8,2.0126182965299684
2.6,31.2,3.3,8045.555555555556,62.9,2.016025641025641
1.5,29.7,12.1,7388.888888888889,56.7,1.9090909090909092
1.3,30.8,7.7,7785.0,60.2,1.9545454545454546
1.0,29.3,11.7,7417.222222222222,58.0,1.9795221843003412
0.9,28.6,19.3,6691.666666666666,51.2,1.7902097902097902
2.9,32.2,4.7,7862.222222222222,60.199999999999996,1.869565217391304
1.9,32.0,8.0,7652.222222222222,58.1,1.815625
4.6,28.2,12.5,6548.888888888889,54.7,1.9397163120567378
1.3,29.8,13.9,7071.666666666666,55.0,1.8456375838926173
6.3,31.7,11.5,6706.111111111111,50.5,1.5930599369085174
2.3,36.0,4.7,7812.777777777777,57.0,1.5833333333333333
3.5,33.9,5.0,7515.555555555556,57.6,1.6991150442477878
1.9,29.5,19.6,6522.222222222222,49.0,1.6610169491525424
2.6,32.9,4.7,7750.0,59.8,1.817629179331307
2.5,35.0,3.1,7962.777777777777,59.4,1.697142857142857
2.8,39.1,8.8,7310.0,49.3,1.2608695652173911
2.6,34.3,13.8,6877.777777777777,49.3,1.4373177842565599
2.3,32.8,18.4,6513.333333333333,46.5,1.4176829268292683
2.3,36.9,11.4,7175.0,49.400000000000006,1.3387533875338755
2.6,34.7,5.3,7718.888888888889,57.4,1.654178674351585
2.5,35.5,14.8,6853.333333333333,47.2,1.3295774647887324
2.4,34.3,4.7,7777.222222222222,58.6,1.708454810495627
2.8,36.7,3.5,7867.777777777777,57.0,1.5531335149863759
2.5,34.9,11.6,7101.111111111111,51.0,1.4613180515759312
2.2,31.1,17.5,6747.222222222222,49.2,1.5819935691318328
2.3,33.0,12.9,7193.888888888889,51.8,1.5696969696969696
3.1,29.2,23.8,5882.222222222222,43.9,1.5034246575342465
2.7,35.5,6.5,7549.444444444444,55.3,1.5577464788732394
2.3,31.7,15.2,6902.777777777777,50.8,1.6025236593059937
3.0,37.5,5.0,7706.666666666666,54.5,1.4533333333333334
2.2,37.5,4.5,7779.444444444444,55.8,1.488
2.9,41.0,3.4,7841.111111111111,52.7,1.2853658536585366
2.0,39.9,7.8,7537.222222222222,50.3,1.2606516290726817
1.9,40.0,9.3,7388.333333333333,48.8,1.22
1.3,35.0,11.9,7325.0,51.8,1.48
1.7,34.4,12.4,7221.666666666666,51.5,1.497093023255814
1.7,30.8,24.4,6070.0,43.1,1.3993506493506493
1.6,32.1,24.4,5981.111111111111,41.9,1.305295950155763
1.9,33.8,13.8,7051.666666666666,50.5,1.4940828402366866
2.2,32.2,22.7,6036.111111111111,42.9,1.3322981366459625
2.0,31.6,21.1,6286.111111111111,45.3,1.4335443037974682
1.7,33.0,16.1,6841.666666666666,49.2,1.490909090909091
1.6,31.9,17.4,6752.777777777777,49.1,1.5391849529780566
1.4,30.1,16.6,6920.0,51.9,1.724252491694352
1.3,31.1,13.9,7201.666666666666,53.699999999999996,1.7266881028938905
1.1,31.7,6.2,7984.444444444444,61.0,1.9242902208201893
1.3,31.2,4.5,8125.555555555556,63.0,2.019230769230769
2.0,32.3,16.1,6847.777777777777,49.6,1.5356037151702788
1.5,33.1,12.4,7292.222222222222,53.0,1.6012084592145015
3.4,34.3,9.2,7341.666666666666,53.1,1.5481049562682216
2.3,37.9,4.5,7884.444444444444,55.300000000000004,1.4591029023746704
2.3,36.3,10.0,7324.444444444444,51.400000000000006,1.4159779614325072
2.2,35.9,8.7,7516.111111111111,53.2,1.4818941504178273
2.9,34.6,5.0,7762.222222222222,57.5,1.6618497109826589
2.3,33.3,19.2,6418.333333333333,45.2,1.3573573573573576
3.1,39.4,9.9,7100.555555555556,47.6,1.2081218274111676
2.6,40.9,5.8,7646.111111111111,50.7,1.2396088019559903
2.6,40.9,4.4,7748.333333333333,52.1,1.2738386308068461
2.3,42.8,2.7,7957.777777777777,52.2,1.2196261682242993
2.0,38.2,11.1,7185.555555555556,48.699999999999996,1.2748691099476437
2.9,39.9,8.4,7318.333333333333,48.8,1.2230576441102756
2.3,40.2,7.4,7518.888888888889,50.099999999999994,1.2462686567164176
2.7,37.9,8.6,7340.0,50.8,1.3403693931398417
2.5,38.9,5.7,7616.111111111111,52.900000000000006,1.359897172236504
3.2,32.1,8.1,7310.555555555556,56.599999999999994,1.7632398753894079
2.3,37.1,4.3,7836.111111111111,56.3,1.517520215633423
2.4,32.5,11.8,7057.222222222222,53.3,1.64
2.1,36.1,8.1,7471.111111111111,53.7,1.4875346260387812
5.8,36.8,9.3,6836.111111111111,48.1,1.3070652173913044
3.4,36.7,8.3,7112.222222222222,51.599999999999994,1.405994550408719
4.9,36.0,7.5,7036.111111111111,51.6,1.4333333333333333
10.2,29.1,22.6,4973.888888888889,38.1,1.309278350515464
6.0,35.8,9.1,6719.444444444444,49.1,1.3715083798882683
4.4,37.9,3.5,7502.777777777777,54.2,1.4300791556728234
4.0,32.4,18.9,6231.666666666666,44.7,1.3796296296296298
6.1,35.4,6.5,7109.444444444444,52.0,1.4689265536723164
4.3,35.8,6.9,7236.666666666666,53.0,1.4804469273743017
4.5,36.0,2.0,7743.888888888889,57.5,1.5972222222222223
4.4,35.3,10.4,6962.222222222222,49.900000000000006,1.4135977337110484
2.8,39.0,11.7,7050.555555555556,46.5,1.1923076923076923
4.1,32.3,18.7,6214.444444444444,44.900000000000006,1.3900928792569662
3.1,36.6,1.6,7852.222222222222,58.699999999999996,1.6038251366120218
2.9,36.5,10.6,7093.888888888889,50.0,1.36986301369863
3.3,38.5,4.8,7696.111111111111,53.4,1.387012987012987
5.7,31.1,17.4,6144.444444444444,45.8,1.472668810289389
15.9,32.0,7.3,5636.111111111111,44.8,1.4
7.4,32.5,11.0,6513.333333333333,49.1,1.5107692307692309
5.2,34.6,12.4,6640.0,47.8,1.3815028901734103
6.2,35.6,6.9,7053.333333333333,51.3,1.441011235955056
3.4,34.6,5.5,7622.777777777777,56.5,1.6329479768786126
4.1,37.3,4.1,7761.111111111111,54.5,1.4611260053619304
4.6,35.4,7.8,7194.444444444444,52.2,1.4745762711864407
3.1,40.6,5.8,7597.777777777777,50.5,1.2438423645320196
2.9,37.8,12.3,6937.222222222222,47.0,1.2433862433862435
2.9,37.3,7.6,7322.222222222222,52.2,1.3994638069705096
3.0,39.0,6.8,7361.666666666666,51.2,1.3128205128205128
1.9,35.0,4.4,7944.444444444444,58.7,1.6771428571428573
1.7,34.5,10.2,7357.222222222222,53.6,1.5536231884057972
1.9,34.2,9.1,7427.777777777777,54.8,1.6023391812865495
3.1,34.0,22.3,5937.777777777777,40.599999999999994,1.1941176470588233
6.8,27.0,15.7,5936.666666666667,50.5,1.8703703703703705
1.4,39.8,9.1,7573.333333333333,49.7,1.248743718592965
1.8,40.2,9.0,7408.888888888889,49.0,1.2189054726368158
8.1,34.5,6.7,6542.222222222222,50.7,1.4695652173913045
1.9,42.4,6.0,7751.111111111111,49.7,1.1721698113207548
2.4,40.3,6.1,7577.777777777777,51.2,1.2704714640198513
2.2,36.7,6.3,7493.333333333333,54.8,1.4931880108991824
2.1,36.4,7.6,7480.555555555556,53.900000000000006,1.480769230769231
2.6,36.5,8.1,7397.777777777777,52.8,1.4465753424657533
2.9,36.2,5.4,7630.555555555556,55.5,1.5331491712707181
2.7,36.3,5.6,7603.888888888889,55.400000000000006,1.526170798898072
3.7,38.5,3.9,7580.0,53.9,1.4
4.2,38.2,2.7,7600.0,54.9,1.4371727748691099
3.6,32.1,13.3,6696.111111111111,51.0,1.588785046728972
3.0,37.3,6.9,7418.333333333333,52.800000000000004,1.4155495978552282
1.7,22.4,12.2,7426.666666666666,63.7,2.8437500000000004
2.5,21.8,12.1,7349.444444444444,63.6,2.9174311926605503
10.9,24.8,6.1,6028.333333333333,58.2,2.346774193548387
2.9,36.3,16.6,6562.777777777777,44.2,1.2176308539944904
2.6,35.5,10.5,7140.555555555556,51.4,1.447887323943662
3.0,39.2,2.9,7772.222222222222,54.9,1.4005102040816326
3.0,37.3,4.6,7622.222222222222,55.1,1.477211796246649
3.6,31.9,13.1,6757.777777777777,51.400000000000006,1.6112852664576804
3.6,33.5,12.1,6840.555555555556,50.8,1.516417910447761
4.5,31.7,10.3,6761.666666666666,53.5,1.6876971608832807
4.2,30.5,4.8,7830.555555555556,60.5,1.9836065573770492
2.6,24.4,4.8,8044.444444444444,68.2,2.795081967213115
5.9,24.8,4.1,7734.444444444444,65.2,2.629032258064516
2.1,20.8,5.7,7957.777777777777,71.4,3.432692307692308
4.5,21.9,2.3,8077.222222222222,71.3,3.2557077625570776
4.8,26.2,2.1,8005.555555555556,66.9,2.553435114503817
2.6,32.7,4.3,7978.888888888889,60.4,1.8470948012232413
4.6,27.3,8.0,7368.888888888889,60.1,2.2014652014652016
2.4,25.2,8.6,7533.333333333333,63.8,2.5317460317460316
2.1,37.6,9.8,7297.777777777777,50.5,1.3430851063829787
2.8,36.5,8.7,7332.777777777777,52.0,1.4246575342465753
2.2,35.7,7.3,7537.222222222222,54.8,1.5350140056022408
3.1,38.3,9.0,7185.0,49.6,1.2950391644908616
4.1,36.3,10.1,7000.0,49.5,1.3636363636363638
2.3,39.6,6.3,7523.888888888889,51.8,1.308080808080808
3.0,38.2,7.3,7355.555555555556,51.5,1.3481675392670156
3.4,37.7,9.3,7150.0,49.599999999999994,1.3156498673740051
3.7,32.3,7.6,7351.666666666666,56.400000000000006,1.7461300309597527
2.1,35.4,10.4,7272.222222222222,52.1,1.4717514124293787
1.7,37.7,10.8,7267.777777777777,49.8,1.3209549071618036
2.7,35.7,10.9,7104.444444444444,50.699999999999996,1.4201680672268906
1.4,29.5,18.7,6711.666666666666,50.400000000000006,1.7084745762711866
1.6,40.6,7.3,7645.555555555556,50.5,1.2438423645320196
1.5,39.8,10.0,7315.555555555556,48.7,1.2236180904522616
2.3,36.5,8.1,7431.111111111111,53.1,1.4547945205479453
2.0,37.6,5.6,7676.111111111111,54.8,1.4574468085106382
3.1,38.4,6.3,7468.888888888889,52.2,1.3593750000000002
2.4,41.0,5.6,7585.0,51.0,1.2439024390243902
3.1,39.7,9.8,7173.888888888889,47.4,1.193954659949622
2.9,41.1,9.3,7181.111111111111,46.699999999999996,1.1362530413625302
2.5,41.4,9.5,7202.222222222222,46.6,1.1256038647342996
3.3,40.3,6.9,7327.222222222222,49.5,1.2282878411910672
2.6,39.2,7.0,7628.333333333333,51.199999999999996,1.3061224489795917
1.8,38.4,7.2,7559.444444444444,52.6,1.3697916666666667
2.7,35.1,6.7,7532.777777777777,55.5,1.5811965811965811
2.4,37.3,6.7,7645.0,53.6,1.4369973190348526
3.2,38.9,8.3,7231.111111111111,49.6,1.2750642673521853
2.7,38.2,6.5,7617.222222222222,52.599999999999994,1.37696335078534
3.0,37.9,11.4,7043.888888888889,47.7,1.2585751978891822
1.8,32.9,12.0,7301.666666666666,53.3,1.6200607902735562
2.4,39.3,9.5,7275.555555555556,48.800000000000004,1.241730279898219
3.3,34.9,14.9,6569.444444444444,46.900000000000006,1.3438395415472781
1.7,35.3,18.4,6616.666666666666,44.60000000000001,1.2634560906515584
1.9,33.3,21.6,6325.555555555556,43.2,1.2972972972972976
2.2,33.2,17.8,6592.222222222222,46.8,1.4096385542168672
2.4,35.8,17.9,6537.222222222222,43.900000000000006,1.2262569832402237
1.8,34.0,19.1,6552.222222222222,45.099999999999994,1.3264705882352938
2.5,32.6,18.9,6471.111111111111,46.0,1.411042944785276
1.7,35.9,14.3,6997.222222222222,48.1,1.3398328690807801
2.1,32.0,20.0,6416.666666666666,45.9,1.434375
1.7,35.6,16.7,6761.111111111111,46.0,1.2921348314606742
2.0,34.0,19.7,6450.555555555556,44.3,1.302941176470588
2.1,32.5,21.1,6311.111111111111,44.3,1.363076923076923
1.9,34.9,22.8,6163.333333333333,40.400000000000006,1.1575931232091692
1.7,34.6,7.3,7756.666666666666,56.4,1.630057803468208
1.8,34.1,8.9,7573.888888888889,55.199999999999996,1.6187683284457477
1.8,34.6,6.3,7788.333333333333,57.3,1.6560693641618496
3.2,30.2,6.8,7573.333333333333,59.8,1.9801324503311257
1.3,28.8,10.4,7587.222222222222,59.5,2.0659722222222223
1.6,31.9,16.0,6862.222222222222,50.5,1.5830721003134798
3.1,37.8,7.7,7296.666666666666,51.400000000000006,1.35978835978836
3.0,33.6,18.0,6386.666666666666,45.4,1.351190476190476
3.1,38.2,6.4,7247.222222222222,52.3,1.369109947643979
3.1,36.2,11.5,6921.666666666666,49.199999999999996,1.3591160220994474
3.2,37.6,7.1,7334.444444444444,52.099999999999994,1.3856382978723403
2.0,34.9,9.6,7338.333333333333,53.5,1.5329512893982808
6.5,40.4,5.1,7030.555555555556,48.0,1.188118811881188
6.5,39.7,6.3,6910.555555555556,47.5,1.1964735516372795
5.4,37.6,13.8,6452.222222222222,43.199999999999996,1.1489361702127658
7.8,41.7,7.7,6637.777777777777,42.8,1.0263788968824938
9.5,34.9,10.6,6122.777777777777,45.0,1.2893982808022924
9.6,35.7,6.6,6545.555555555556,48.099999999999994,1.3473389355742293
8.4,38.4,12.9,6235.555555555556,40.3,1.0494791666666667
9.6,30.4,20.9,5261.111111111111,39.1,1.286184210526316
9.0,31.2,13.7,5883.888888888889,46.1,1.4775641025641026
8.6,39.7,4.0,6965.0,47.699999999999996,1.2015113350125943
10.2,32.9,7.4,6365.0,49.5,1.5045592705167175
7.5,38.2,6.5,6823.888888888889,47.8,1.25130890052356
7.1,37.6,10.7,6398.333333333333,44.6,1.1861702127659575
6.6,38.2,10.5,6539.444444444444,44.699999999999996,1.170157068062827
6.2,40.6,10.3,6455.555555555556,42.9,1.0566502463054186
7.0,39.4,10.8,6421.666666666666,42.8,1.0862944162436547
6.1,39.9,8.3,6736.666666666666,45.7,1.1453634085213034
7.0,37.0,9.2,6586.666666666666,46.8,1.2648648648648648
1.8,31.0,22.2,6350.555555555556,45.0,1.4516129032258065
1.7,35.2,17.7,6647.777777777777,45.4,1.289772727272727
1.8,32.2,17.4,6745.555555555556,48.599999999999994,1.509316770186335
2.8,36.6,12.2,6958.333333333333,48.4,1.3224043715846994
2.3,33.9,15.6,6850.0,48.2,1.4218289085545723
1.7,32.3,14.2,7050.555555555556,51.800000000000004,1.603715170278638
1.9,29.4,21.2,6335.555555555556,47.5,1.6156462585034015
2.3,32.6,5.0,7850.555555555556,60.1,1.843558282208589
3.7,34.5,6.4,7632.222222222222,55.4,1.6057971014492753
4.0,33.2,6.3,7666.666666666666,56.5,1.7018072289156625
3.4,33.7,3.9,7959.444444444444,59.0,1.750741839762611
3.9,29.9,4.6,7890.555555555556,61.6,2.060200668896321
3.3,33.2,6.4,7742.222222222222,57.099999999999994,1.7198795180722888
2.7,34.5,20.8,6287.777777777777,42.0,1.2173913043478262
3.1,39.3,6.2,7535.0,51.400000000000006,1.3078880407124684
2.1,37.4,10.9,7276.666666666666,49.6,1.32620320855615
2.0,34.9,13.1,7035.0,50.0,1.4326647564469914
2.1,37.0,5.0,7840.555555555556,55.9,1.5108108108108107
4.2,31.8,17.3,6418.888888888889,46.7,1.4685534591194969
3.1,31.7,22.3,6097.777777777777,42.9,1.3533123028391167
2.7,38.0,7.3,7540.0,52.0,1.368421052631579
2.9,34.6,12.1,7053.888888888889,50.4,1.4566473988439306
3.8,35.4,13.6,6766.666666666666,47.2,1.3333333333333335
4.1,31.0,15.0,6560.0,49.9,1.6096774193548387
3.6,35.2,16.3,6514.444444444444,44.89999999999999,1.2755681818181814
3.8,37.8,5.3,7453.333333333333,53.1,1.4047619047619049
4.0,38.0,17.0,6382.222222222222,41.0,1.0789473684210527
3.4,38.7,12.1,6969.444444444444,45.8,1.1834625322997414
3.0,34.3,19.8,6222.777777777777,42.900000000000006,1.2507288629737612
3.8,30.7,16.6,6460.555555555556,48.9,1.5928338762214984
3.5,34.8,14.7,6671.111111111111,47.0,1.3505747126436782
2.5,36.6,13.5,6818.333333333333,47.4,1.2950819672131146
3.3,36.2,12.9,6802.777777777777,47.599999999999994,1.314917127071823
3.0,41.9,6.3,7641.666666666666,48.8,1.1646778042959427
2.8,43.4,3.7,7805.555555555556,50.1,1.1543778801843319
4.7,37.0,21.5,5778.333333333333,36.8,0.9945945945945945
10.1,36.0,4.3,6713.333333333333,49.6,1.3777777777777778
5.9,39.2,12.9,6428.888888888889,42.0,1.0714285714285714
6.0,31.9,25.7,5247.222222222222,36.400000000000006,1.1410658307210033
7.8,36.0,8.8,6660.0,47.4,1.3166666666666667
5.7,32.0,13.0,6506.111111111111,49.3,1.540625
3.6,38.5,9.0,6940.555555555556,48.9,1.27012987012987
6.3,33.8,16.0,6118.333333333333,43.900000000000006,1.2988165680473376
7.8,37.4,9.1,6464.444444444444,45.7,1.2219251336898398
6.1,43.3,8.8,6774.444444444444,41.800000000000004,0.9653579676674366
6.9,41.7,4.2,7120.0,47.199999999999996,1.1318944844124699
7.1,38.2,10.3,6478.888888888889,44.4,1.1623036649214658
7.1,38.8,10.8,6472.777777777777,43.300000000000004,1.1159793814432992
6.5,43.2,5.0,7043.888888888889,45.3,1.048611111111111
5.6,40.5,14.8,6294.444444444444,39.1,0.9654320987654321
7.8,36.3,7.3,6691.666666666666,48.6,1.3388429752066118
5.0,44.4,3.5,7387.222222222222,47.1,1.060810810810811
4.7,37.3,11.4,6641.111111111111,46.6,1.249329758713137
5.3,42.0,6.8,7025.0,45.9,1.0928571428571427
5.6,43.1,3.0,7317.777777777777,48.3,1.1206496519721576
5.5,39.0,11.4,6537.777777777777,44.1,1.1307692307692307
9.1,35.7,10.6,5942.222222222222,44.599999999999994,1.249299719887955
5.6,35.6,8.3,6910.0,50.5,1.4185393258426966
5.7,34.9,17.0,5997.222222222222,42.400000000000006,1.214899713467049
2.8,42.5,13.9,6674.444444444444,40.8,0.96
5.0,38.7,6.4,7069.444444444444,49.9,1.2894056847545219
6.7,42.7,3.2,7184.444444444444,47.4,1.1100702576112411
3.9,42.7,7.4,7198.888888888889,46.0,1.0772833723653394
7.6,35.9,5.6,6772.222222222222,50.900000000000006,1.4178272980501394
4.4,42.3,6.1,7213.888888888889,47.2,1.115839243498818
4.6,40.2,7.0,7133.333333333333,48.199999999999996,1.1990049751243779
6.8,32.2,13.2,6340.0,47.8,1.4844720496894408
6.3,35.3,7.7,6935.555555555556,50.7,1.436260623229462
4.2,41.2,7.7,7026.666666666666,46.9,1.1383495145631066
6.2,42.4,5.2,7166.111111111111,46.2,1.089622641509434
5.6,41.8,3.9,7170.555555555556,48.7,1.1650717703349285
5.4,40.2,8.9,6843.888888888889,45.5,1.1318407960199004
5.7,41.4,4.3,7196.666666666666,48.6,1.173913043478261
3.1,32.5,16.4,6642.777777777777,48.0,1.476923076923077
1.7,30.8,25.9,5832.777777777777,41.6,1.3506493506493507
2.1,32.6,22.7,6162.222222222222,42.599999999999994,1.3067484662576685
2.3,31.3,13.2,7098.333333333333,53.2,1.6996805111821087
1.5,31.5,25.5,5970.0,41.5,1.3174603174603174
1.4,35.0,18.8,6650.555555555556,44.8,1.28
1.5,31.1,21.7,6386.666666666666,45.7,1.4694533762057878
1.6,35.8,15.1,7032.222222222222,47.5,1.3268156424581006
2.3,32.3,6.0,7801.666666666666,59.400000000000006,1.839009287925697
2.3,37.0,18.7,6482.222222222222,42.0,1.135135135135135
2.6,38.2,6.0,7666.666666666666,53.199999999999996,1.3926701570680626
2.5,38.2,9.5,7423.888888888889,49.8,1.3036649214659684
3.6,39.1,7.6,7243.888888888889,49.7,1.2710997442455243
2.8,36.0,17.2,6550.0,44.0,1.2222222222222223
3.8,31.2,19.2,6222.777777777777,45.8,1.4679487179487178
4.1,32.9,18.4,6236.666666666666,44.6,1.3556231003039514
3.0,37.8,10.7,7052.222222222222,48.5,1.2830687830687832
3.0,39.3,5.5,7587.777777777777,52.2,1.3282442748091605
1.9,30.1,21.1,6435.555555555556,46.9,1.5581395348837208
1.4,33.6,20.9,6442.777777777777,44.1,1.3125
3.6,33.5,15.6,6590.0,47.3,1.4119402985074625
3.5,33.5,15.8,6523.888888888889,47.2,1.4089552238805971
3.7,36.4,7.8,7243.333333333333,52.1,1.4313186813186813
3.0,38.7,10.5,7058.888888888889,47.8,1.235142118863049
4.2,37.6,2.6,7684.444444444444,55.599999999999994,1.478723404255319
4.4,32.5,12.6,6718.333333333333,50.5,1.5538461538461539
2.1,35.7,13.4,7064.444444444444,48.8,1.3669467787114844
2.0,35.7,11.4,7282.777777777777,50.9,1.4257703081232491
2.1,31.4,22.1,6316.111111111111,44.4,1.414012738853503
2.3,33.0,10.2,7353.333333333333,54.5,1.6515151515151516
1.6,32.2,18.2,6721.111111111111,48.0,1.4906832298136645
1.4,30.7,23.6,6277.777777777777,44.3,1.4429967426710097
2.3,33.4,10.6,7381.666666666666,53.7,1.6077844311377247
3.8,35.8,7.5,7284.444444444444,52.900000000000006,1.4776536312849164
3.5,37.3,13.0,6848.888888888889,46.2,1.2386058981233246
4.3,38.7,11.5,6805.555555555556,45.5,1.1757105943152455
3.2,41.1,10.3,7050.555555555556,45.4,1.1046228710462287
3.2,43.5,7.1,7440.555555555556,46.2,1.0620689655172415
3.9,36.3,11.3,6841.666666666666,48.5,1.3360881542699725
3.1,33.2,13.8,6830.555555555556,49.89999999999999,1.5030120481927707
2.7,37.2,17.4,6496.666666666666,42.7,1.1478494623655915
9.7,30.0,16.5,5411.111111111111,43.8,1.46
9.1,31.8,16.2,5607.777777777777,42.900000000000006,1.3490566037735852
5.2,33.7,23.7,5320.0,37.4,1.1097922848664687
5.7,37.3,13.5,6285.0,43.5,1.1662198391420913
3.0,37.4,7.3,7409.444444444444,52.3,1.3983957219251337
4.9,34.7,11.0,6852.222222222222,49.4,1.4236311239193082
3.9,36.8,3.4,7705.0,55.900000000000006,1.519021739130435
3.8,37.3,6.0,7471.666666666666,52.900000000000006,1.4182305630026812
10.6,32.9,3.5,6262.222222222222,53.0,1.6109422492401217
5.8,34.1,4.5,7174.444444444444,55.599999999999994,1.6304985337243398
4.2,35.8,4.9,7480.555555555556,55.1,1.5391061452513968
3.3,38.5,9.6,7114.444444444444,48.6,1.2623376623376623
3.5,39.2,6.3,7445.555555555556,51.0,1.3010204081632653
3.4,37.6,7.0,7340.555555555556,52.0,1.3829787234042552
3.2,40.0,7.2,7411.111111111111,49.6,1.24
2.9,37.9,9.5,7241.111111111111,49.7,1.311345646437995
5.5,41.1,5.0,7101.666666666666,48.4,1.1776155717761556
5.2,41.7,5.3,7191.111111111111,47.8,1.1462829736211029
4.1,44.0,11.8,6761.111111111111,40.1,0.9113636363636364
4.5,43.3,8.3,6985.0,43.900000000000006,1.0138568129330257
5.1,41.4,4.6,7193.888888888889,48.900000000000006,1.1811594202898552
5.4,40.6,6.0,7090.0,48.0,1.1822660098522166
7.2,38.4,4.2,6973.888888888889,50.2,1.3072916666666667
6.3,41.9,2.2,7393.888888888889,49.6,1.1837708830548928
4.8,39.5,9.1,6896.666666666666,46.6,1.179746835443038
4.9,40.1,9.2,6793.333333333333,45.8,1.14214463840399
4.6,39.0,15.8,6240.0,40.6,1.041025641025641
6.0,39.2,5.2,7008.333333333333,49.599999999999994,1.2653061224489794
5.3,38.7,12.8,6503.888888888889,43.199999999999996,1.1162790697674416
4.7,41.6,11.2,6671.111111111111,42.5,1.0216346153846154
6.6,38.4,6.0,6987.222222222222,49.0,1.2760416666666667
8.4,40.4,6.3,6713.888888888889,44.900000000000006,1.1113861386138615
8.1,37.9,3.4,6775.555555555556,50.6,1.3350923482849606
13.0,37.4,8.0,5805.555555555556,41.6,1.1122994652406417
6.2,36.0,10.5,6527.222222222222,47.3,1.3138888888888889
4.7,41.5,6.4,7163.333333333333,47.4,1.1421686746987951
5.2,38.5,9.5,6766.111111111111,46.8,1.2155844155844155
5.4,41.5,12.0,6408.333333333333,41.1,0.9903614457831326
3.7,43.4,13.4,6686.111111111111,39.5,0.9101382488479263
7.0,41.4,3.8,7179.444444444444,47.8,1.1545893719806763
7.1,33.6,15.7,5981.111111111111,43.6,1.2976190476190477
7.3,37.1,11.4,6307.222222222222,44.2,1.1913746630727764
3.0,29.7,23.3,5969.444444444444,44.0,1.4814814814814816
3.0,36.0,4.5,7650.0,56.5,1.5694444444444444
2.8,35.9,8.6,7362.777777777777,52.7,1.467966573816156
3.5,35.4,7.8,7301.111111111111,53.3,1.5056497175141244
3.7,30.1,11.4,6941.111111111111,54.8,1.820598006644518
7.6,35.3,12.4,6325.0,44.7,1.26628895184136
5.7,31.1,14.0,6449.444444444444,49.2,1.5819935691318328
5.0,31.4,15.2,6384.444444444444,48.400000000000006,1.5414012738853506
6.0,33.6,13.0,6543.333333333333,47.4,1.4107142857142856
3.8,36.8,15.2,6573.888888888889,44.2,1.2010869565217392
3.7,35.1,14.6,6648.333333333333,46.599999999999994,1.3276353276353274
1.8,34.0,10.2,7448.333333333333,54.0,1.588235294117647
1.8,29.4,14.4,7070.0,54.400000000000006,1.850340136054422
1.8,31.7,3.9,8061.111111111111,62.6,1.9747634069400632
2.4,37.7,11.5,7177.777777777777,48.4,1.2838196286472148
2.3,35.7,6.9,7622.222222222222,55.099999999999994,1.5434173669467783
2.3,37.8,8.1,7535.555555555556,51.800000000000004,1.3703703703703707
4.0,32.2,14.6,6557.222222222222,49.199999999999996,1.527950310559006
3.7,32.0,16.5,6415.0,47.8,1.49375
2.6,38.2,12.3,6918.888888888889,46.9,1.2277486910994764
2.2,32.6,18.6,6632.777777777777,46.599999999999994,1.429447852760736
1.8,36.2,12.4,7243.888888888889,49.599999999999994,1.3701657458563534
1.8,31.1,17.7,6801.111111111111,49.4,1.5884244372990353
1.6,31.9,14.5,7067.777777777777,52.0,1.6300940438871474
2.1,34.9,4.8,7935.0,58.2,1.6676217765042982
3.2,36.6,13.8,6782.777777777777,46.4,1.26775956284153
4.4,35.9,3.9,7482.222222222222,55.8,1.5543175487465182
5.2,43.9,6.4,7119.444444444444,44.5,1.0136674259681093
5.0,31.7,19.3,5967.222222222222,44.0,1.38801261829653
3.3,32.1,19.1,6324.444444444444,45.5,1.4174454828660437
6.5,38.7,7.3,6842.777777777777,47.5,1.2273901808785528
2.5,33.1,12.1,7056.111111111111,52.3,1.580060422960725
3.6,33.5,14.3,6682.222222222222,48.599999999999994,1.4507462686567163
2.4,32.6,26.1,5767.777777777777,38.9,1.1932515337423313
6.0,36.5,2.2,7655.555555555556,55.3,1.5150684931506848
3.4,38.9,6.9,7397.222222222222,50.8,1.3059125964010283
6.9,38.0,13.6,6150.0,41.5,1.0921052631578947
2.4,30.7,21.6,6225.555555555556,45.3,1.47557003257329
2.7,35.5,16.3,6584.444444444444,45.5,1.2816901408450705
2.4,37.6,3.8,7926.666666666666,56.2,1.4946808510638299
2.3,35.3,13.0,7068.333333333333,49.400000000000006,1.39943342776204
2.1,31.2,22.8,6120.0,43.9,1.407051282051282
2.6,29.5,17.7,6567.222222222222,50.2,1.7016949152542373
2.7,39.9,11.2,7100.0,46.2,1.1578947368421053
3.1,34.3,17.1,6487.222222222222,45.5,1.326530612244898
3.6,31.5,16.1,6541.111111111111,48.8,1.549206349206349
3.2,34.1,13.1,6783.333333333333,49.599999999999994,1.4545454545454544
2.8,35.0,14.0,6805.555555555556,48.2,1.3771428571428572
5.1,33.8,13.2,6582.222222222222,47.900000000000006,1.4171597633136097
5.2,35.8,2.5,7561.111111111111,56.5,1.5782122905027933
3.6,37.0,2.8,7793.888888888889,56.6,1.5297297297297299
5.3,32.1,12.6,6700.555555555556,50.0,1.557632398753894
6.2,33.8,10.4,6675.0,49.6,1.4674556213017753
5.5,30.7,18.3,6050.555555555556,45.5,1.482084690553746
5.3,36.9,2.7,7513.888888888889,55.1,1.4932249322493225
4.8,29.1,23.9,5673.888888888889,42.2,1.4501718213058419
6.0,31.2,18.3,6022.222222222222,44.5,1.4262820512820513
2.7,38.9,7.8,7470.0,50.6,1.300771208226221
2.2,38.6,9.1,7437.222222222222,50.099999999999994,1.297927461139896
2.1,39.9,9.0,7390.555555555556,49.0,1.2280701754385965
3.3,31.4,20.7,6173.888888888889,44.6,1.4203821656050957
3.1,36.7,13.0,6846.666666666666,47.199999999999996,1.2861035422343323
3.7,37.0,3.9,7602.777777777777,55.4,1.4972972972972973
2.5,35.2,7.3,7667.222222222222,55.0,1.5624999999999998
2.4,33.4,6.1,7753.888888888889,58.1,1.7395209580838324
3.3,35.0,4.5,7847.222222222222,57.2,1.6342857142857143
4.3,34.2,13.0,6788.888888888889,48.5,1.4181286549707601
10.7,27.9,14.1,5571.111111111111,47.300000000000004,1.695340501792115
5.0,35.1,2.9,7622.777777777777,57.0,1.623931623931624
4.2,36.1,9.1,7130.555555555556,50.599999999999994,1.4016620498614956
4.2,33.8,13.0,6797.777777777777,49.0,1.4497041420118344
2.2,34.4,18.3,6580.0,45.1,1.311046511627907
2.2,35.0,17.9,6628.888888888889,44.900000000000006,1.282857142857143
2.2,32.2,16.8,6791.111111111111,48.8,1.5155279503105588
3.3,43.6,6.0,7522.777777777777,47.099999999999994,1.080275229357798
4.0,35.0,9.8,6997.777777777777,51.2,1.4628571428571429
1.2,27.6,22.8,6432.222222222222,48.4,1.753623188405797
1.5,25.8,25.3,6222.222222222222,47.4,1.8372093023255813
3.6,33.1,16.7,6440.555555555556,46.599999999999994,1.4078549848942596
3.6,38.7,10.0,7120.0,47.699999999999996,1.2325581395348835
5.1,33.8,8.7,7054.444444444444,52.400000000000006,1.550295857988166
3.1,35.5,16.6,6559.444444444444,44.8,1.2619718309859154
2.3,37.4,14.5,6920.0,45.8,1.2245989304812834
2.0,38.4,16.7,6719.444444444444,42.900000000000006,1.1171875000000002
2.5,39.0,8.5,7427.222222222222,50.0,1.2820512820512822
3.0,37.2,8.5,7239.444444444444,51.3,1.379032258064516
2.2,41.9,11.7,7137.222222222222,44.2,1.054892601431981
2.2,33.5,22.8,6057.222222222222,41.5,1.2388059701492538
2.7,33.8,14.0,6832.222222222222,49.5,1.4644970414201184
2.5,32.9,22.2,6093.333333333333,42.400000000000006,1.2887537993920974
3.2,36.3,13.3,6829.444444444444,47.2,1.3002754820936642
2.7,38.9,17.3,6512.777777777777,41.1,1.0565552699228793
2.6,36.8,10.9,7124.444444444444,49.7,1.3505434782608698
2.5,41.3,9.2,7412.222222222222,47.0,1.1380145278450364
4.2,37.0,4.7,7542.222222222222,54.1,1.462162162162162
3.0,32.3,24.4,5874.444444444444,40.300000000000004,1.2476780185758516
2.6,38.9,5.4,7690.0,53.1,1.365038560411311
3.1,33.2,18.7,6270.555555555556,45.0,1.355421686746988
3.0,39.5,9.4,7168.333333333333,48.1,1.2177215189873418
7.7,40.3,6.1,6793.888888888889,45.900000000000006,1.1389578163771714
2.2,37.3,3.1,8013.888888888889,57.400000000000006,1.53887399463807
2.1,31.1,21.6,6252.777777777777,45.199999999999996,1.453376205787781
3.8,37.0,6.2,7357.777777777777,53.0,1.4324324324324325
5.3,31.3,15.2,6274.444444444444,48.2,1.5399361022364217
5.5,36.5,8.4,6962.777777777777,49.6,1.358904109589041
1.9,31.1,26.4,5780.0,40.6,1.3054662379421222
1.6,33.9,10.1,7375.555555555556,54.400000000000006,1.6047197640117996
2.0,37.3,12.0,7061.111111111111,48.7,1.3056300268096517
2.9,37.8,5.9,7541.666666666666,53.400000000000006,1.412698412698413
2.8,39.7,8.7,7263.888888888889,48.8,1.229219143576826
2.1,44.1,13.2,6923.888888888889,40.6,0.9206349206349206
3.3,35.6,9.3,7190.0,51.8,1.4550561797752808
2.2,33.2,10.2,7352.777777777777,54.4,1.6385542168674696
2.0,39.5,10.3,7318.888888888889,48.2,1.220253164556962
1.7,39.2,5.5,7854.444444444444,53.599999999999994,1.36734693877551
1.6,33.0,16.7,6858.888888888889,48.7,1.4757575757575758
1.3,35.5,8.8,7555.0,54.4,1.532394366197183
1.4,30.5,18.9,6630.0,49.2,1.6131147540983608
1.6,29.0,14.4,7071.666666666666,55.0,1.896551724137931
1.3,33.2,3.7,8176.111111111111,61.8,1.86144578313253
2.1,41.0,7.5,7552.222222222222,49.4,1.2048780487804878
1.4,39.6,11.9,7162.777777777777,47.099999999999994,1.1893939393939392
1.6,34.2,16.9,6670.555555555556,47.3,1.3830409356725144
2.3,31.6,14.7,6833.333333333333,51.4,1.6265822784810124
2.7,32.4,13.0,7053.333333333333,51.900000000000006,1.601851851851852
1.7,41.1,8.3,7538.333333333333,48.9,1.1897810218978102
1.5,31.1,22.9,6191.666666666666,44.5,1.4308681672025723
1.2,33.4,19.2,6633.333333333333,46.2,1.3832335329341319
1.2,35.0,10.8,7416.111111111111,53.0,1.5142857142857142
1.6,29.9,21.4,6320.555555555556,47.1,1.5752508361204014
5.1,35.2,16.2,5928.888888888889,43.5,1.2357954545454544
8.6,38.6,5.8,6870.555555555556,47.0,1.2176165803108807
3.6,39.0,11.6,6671.666666666666,45.8,1.1743589743589742
6.2,41.0,5.2,7127.777777777777,47.6,1.1609756097560977
2.5,36.7,5.1,7634.444444444444,55.699999999999996,1.5177111716621252
2.6,42.3,7.7,7271.666666666666,47.400000000000006,1.120567375886525
4.0,41.3,7.3,7098.333333333333,47.400000000000006,1.1476997578692496
3.5,41.1,8.2,7048.888888888889,47.2,1.1484184914841848
3.0,38.8,13.3,6657.222222222222,44.900000000000006,1.1572164948453612
2.9,42.0,10.6,6908.333333333333,44.5,1.0595238095238095
3.8,44.0,6.0,7253.888888888889,46.2,1.05
5.7,30.8,24.7,5227.222222222222,38.8,1.2597402597402596
2.6,42.2,6.9,7276.111111111111,48.3,1.1445497630331751
3.3,41.7,5.8,7315.0,49.199999999999996,1.1798561151079134
4.3,40.6,6.9,7087.777777777777,48.2,1.187192118226601
2.6,44.4,9.2,7054.444444444444,43.800000000000004,0.9864864864864866
5.1,40.3,3.5,7078.888888888889,51.1,1.2679900744416874
10.9,36.6,6.6,6327.777777777777,45.9,1.2540983606557377
5.2,38.6,16.8,6201.111111111111,39.4,1.0207253886010361
5.2,40.3,8.9,6884.444444444444,45.6,1.13151364764268
3.1,36.9,12.0,6848.333333333333,48.0,1.3008130081300813
2.3,36.8,11.4,7173.888888888889,49.5,1.345108695652174
2.4,36.0,11.5,7115.555555555556,50.1,1.3916666666666666
1.6,38.6,16.9,6812.222222222222,42.9,1.11139896373057
0.9,32.3,19.6,6696.666666666666,47.2,1.4613003095975234
1.6,40.4,10.2,7377.222222222222,47.800000000000004,1.1831683168316833
1.9,37.9,13.7,7036.666666666666,46.5,1.2269129287598945
1.9,36.5,10.9,7315.555555555556,50.7,1.3890410958904111
2.0,38.3,7.5,7599.444444444444,52.2,1.3629242819843344
1.5,36.2,17.4,6781.666666666666,44.9,1.240331491712707
1.8,32.1,17.5,6757.222222222222,48.599999999999994,1.5140186915887848
1.6,31.3,14.5,6989.444444444444,52.599999999999994,1.680511182108626
1.4,32.3,20.6,6461.666666666666,45.7,1.4148606811145512
2.0,32.6,15.9,6813.888888888889,49.5,1.51840490797546
1.6,35.0,15.7,6894.444444444444,47.7,1.362857142857143
1.8,40.7,8.3,7520.555555555556,49.199999999999996,1.2088452088452086
1.7,38.9,11.3,7257.222222222222,48.1,1.2365038560411312
2.1,31.0,21.7,6233.888888888889,45.2,1.4580645161290324
2.0,35.6,11.9,7195.0,50.5,1.4185393258426966
1.7,38.0,8.6,7517.777777777777,51.7,1.3605263157894738
1.3,36.9,13.6,7110.0,48.2,1.3062330623306235
1.5,33.7,17.6,6757.777777777777,47.199999999999996,1.4005934718100888
1.8,31.5,17.1,6748.333333333333,49.599999999999994,1.5746031746031743
2.1,30.0,17.4,6675.0,50.5,1.6833333333333333
1.8,29.1,25.8,5990.0,43.3,1.4879725085910651
1.7,38.5,3.9,8071.111111111111,55.9,1.4519480519480519
1.8,34.8,19.2,6451.111111111111,44.2,1.270114942528736
3.0,35.6,10.3,7139.444444444444,51.099999999999994,1.435393258426966
2.0,39.4,7.7,7545.555555555556,50.900000000000006,1.2918781725888326
2.1,33.0,15.5,6806.111111111111,49.4,1.4969696969696968
1.9,41.6,8.9,7391.111111111111,47.599999999999994,1.1442307692307692
6.0,31.5,14.5,6248.333333333333,48.0,1.5238095238095237
4.2,41.7,10.5,6843.333333333333,43.599999999999994,1.0455635491606712
5.5,36.5,8.0,6942.777777777777,50.0,1.36986301369863
1.1,28.2,20.3,6556.111111111111,50.4,1.7872340425531914
2.4,37.8,12.0,6982.222222222222,47.800000000000004,1.2645502645502649
2.0,43.3,9.7,7283.888888888889,45.0,1.0392609699769053
3.8,33.0,15.0,6353.333333333333,48.2,1.4606060606060607
2.1,41.3,5.6,7645.555555555556,51.0,1.234866828087167
2.0,43.1,5.8,7658.888888888889,49.1,1.1392111368909512
1.8,36.3,12.7,6997.222222222222,49.2,1.3553719008264464
3.0,36.9,5.0,7617.777777777777,55.1,1.4932249322493225
4.8,33.6,9.2,6790.555555555556,52.4,1.5595238095238093
3.3,47.1,7.2,7205.555555555556,42.4,0.900212314225053
4.3,46.6,9.8,6861.666666666666,39.3,0.8433476394849785
2.6,43.4,8.6,7161.666666666666,45.400000000000006,1.046082949308756
2.3,44.1,11.4,6991.111111111111,42.2,0.9569160997732427
3.5,39.7,5.3,7331.111111111111,51.5,1.2972292191435768
3.2,41.6,7.3,7074.444444444444,47.9,1.1514423076923077
3.5,39.3,12.7,6696.111111111111,44.5,1.1323155216284988
3.4,42.8,7.7,6982.222222222222,46.1,1.077102803738318
3.1,37.7,10.4,6998.333333333333,48.8,1.2944297082228116
3.7,33.6,11.6,6879.444444444444,51.099999999999994,1.520833333333333
2.8,43.1,16.3,6607.777777777777,37.8,0.8770301624129929
3.3,35.7,9.8,7061.111111111111,51.199999999999996,1.434173669467787
3.6,41.2,7.5,7176.111111111111,47.699999999999996,1.157766990291262
2.9,40.4,11.1,6981.666666666666,45.6,1.1287128712871288
3.1,38.0,9.2,7111.666666666666,49.7,1.3078947368421054
2.7,41.8,7.1,7278.333333333333,48.400000000000006,1.1578947368421055
3.4,37.3,10.5,6948.888888888889,48.800000000000004,1.3083109919571048
2.3,37.4,17.5,6445.0,42.8,1.1443850267379678
2.9,39.7,9.4,7107.777777777777,48.0,1.2090680100755666
3.9,39.0,7.6,7041.666666666666,49.5,1.2692307692307692
1.8,32.9,13.2,6982.222222222222,52.1,1.5835866261398177
1.5,30.2,7.0,7774.444444444444,61.3,2.0298013245033113
1.0,28.1,13.6,7254.444444444444,57.3,2.0391459074733094
1.0,30.7,8.1,7781.111111111111,60.2,1.960912052117264
1.0,20.7,7.1,7973.333333333333,71.2,3.4396135265700485
0.9,31.2,15.9,6953.888888888889,52.0,1.6666666666666667
2.1,36.0,12.9,7021.111111111111,49.0,1.3611111111111112
1.6,37.9,9.4,7434.444444444444,51.1,1.3482849604221636
1.5,31.0,19.8,6555.0,47.7,1.538709677419355
1.3,31.9,5.9,7690.555555555556,60.9,1.9090909090909092
2.1,33.1,12.5,7073.333333333333,52.3,1.580060422960725
1.8,32.6,6.3,7762.222222222222,59.3,1.8190184049079754
3.3,35.0,6.6,7460.0,55.1,1.5742857142857143
3.0,36.7,8.5,7283.333333333333,51.8,1.411444141689373
3.0,35.4,12.8,6852.222222222222,48.8,1.3785310734463276
2.6,36.3,11.9,7051.666666666666,49.2,1.3553719008264464
2.5,33.3,17.0,6512.222222222222,47.2,1.4174174174174177
1.1,26.8,10.3,7687.222222222222,61.8,2.305970149253731
1.6,24.8,8.3,7704.444444444444,65.3,2.633064516129032
1.0,22.8,15.8,7127.777777777777,60.4,2.6491228070175437
1.4,23.0,10.8,7577.777777777777,64.8,2.817391304347826
1.3,22.4,10.4,7545.555555555556,65.9,2.941964285714286
3.1,21.7,10.4,7328.333333333333,64.8,2.986175115207373
1.6,33.5,10.2,7366.666666666666,54.7,1.6328358208955225
1.5,32.7,17.1,6801.111111111111,48.699999999999996,1.4892966360856266
1.5,34.1,8.2,7667.222222222222,56.2,1.6480938416422288
2.6,30.2,8.6,7483.333333333333,58.6,1.9403973509933776
1.9,33.9,9.3,7523.888888888889,54.9,1.6194690265486726
1.2,24.1,8.6,7841.111111111111,66.1,2.742738589211618
1.5,28.2,12.2,7248.333333333333,58.1,2.0602836879432624
1.8,25.4,13.3,7194.444444444444,59.5,2.3425196850393704
1.2,27.7,5.7,8059.444444444444,65.4,2.36101083032491
1.0,26.7,13.6,7246.111111111111,58.7,2.1985018726591763
3.8,36.9,6.1,7278.888888888889,53.2,1.4417344173441735
3.2,36.2,11.2,6923.333333333333,49.4,1.3646408839779005
3.3,35.6,13.2,6702.222222222222,47.9,1.345505617977528
2.2,35.3,9.5,7322.222222222222,53.0,1.501416430594901
2.3,37.7,5.8,7631.111111111111,54.199999999999996,1.4376657824933685
2.4,31.8,9.5,7220.0,56.3,1.770440251572327
2.6,34.7,12.8,6971.111111111111,49.9,1.4380403458213256
2.1,34.5,14.3,6892.222222222222,49.099999999999994,1.4231884057971014
2.4,32.1,15.1,6796.111111111111,50.4,1.5700934579439252
5.1,36.3,3.9,7295.555555555556,54.7,1.506887052341598
1.9,34.6,10.5,7243.333333333333,53.0,1.5317919075144508
1.8,21.2,25.8,5972.777777777777,51.2,2.415094339622642
2.1,25.2,16.4,6773.333333333333,56.3,2.234126984126984
1.9,25.7,16.3,6807.777777777777,56.1,2.182879377431907
2.0,22.3,12.3,7162.777777777777,63.4,2.84304932735426
1.4,22.9,2.2,8346.666666666666,73.5,3.2096069868995634
1.2,20.7,2.5,8440.555555555555,75.6,3.652173913043478
1.6,36.7,15.4,6819.444444444444,46.3,1.2615803814713895
2.8,39.5,8.7,7314.444444444444,49.0,1.240506329113924
3.0,39.1,14.1,6596.666666666666,43.8,1.1202046035805626
2.3,35.8,3.3,7993.888888888889,58.6,1.6368715083798884
2.2,37.1,5.9,7778.888888888889,54.8,1.4770889487870618
3.4,35.4,12.4,6816.666666666666,48.8,1.3785310734463276
2.7,37.9,7.5,7375.555555555556,51.900000000000006,1.3693931398416888
3.5,32.6,10.7,7047.222222222222,53.2,1.6319018404907977
1.4,20.7,12.9,7292.222222222222,65.0,3.140096618357488
3.1,30.3,7.7,7377.222222222222,58.9,1.9438943894389438
2.0,37.6,10.8,7213.888888888889,49.599999999999994,1.3191489361702127
2.2,36.5,6.9,7653.888888888889,54.4,1.4904109589041095
1.3,31.7,6.8,7889.444444444444,60.2,1.8990536277602525
1.2,30.9,8.6,7744.444444444444,59.300000000000004,1.9190938511326863
1.7,28.0,7.3,7854.444444444444,63.0,2.25
2.0,26.3,11.3,7381.666666666666,60.4,2.296577946768061
1.4,23.7,24.0,6189.444444444444,50.900000000000006,2.147679324894515
1.4,33.7,9.4,7576.666666666666,55.5,1.6468842729970326
1.6,29.5,9.4,7625.555555555556,59.5,2.016949152542373
5.8,35.0,11.7,6518.333333333333,47.5,1.3571428571428572
6.0,29.2,26.0,5097.222222222222,38.8,1.3287671232876712
3.4,35.1,13.5,6693.888888888889,48.0,1.3675213675213675
4.2,35.5,11.0,6803.888888888889,49.3,1.388732394366197
3.4,37.4,4.2,7442.222222222222,55.0,1.4705882352941178
4.1,35.7,2.8,7526.666666666666,57.4,1.6078431372549018
4.2,35.8,3.1,7474.444444444444,56.900000000000006,1.5893854748603355
3.2,31.2,12.7,6775.555555555556,52.900000000000006,1.6955128205128207
3.2,31.5,12.8,6822.777777777777,52.5,1.6666666666666667
2.9,35.3,10.3,7112.777777777777,51.5,1.4589235127478755
3.4,39.5,2.6,7643.333333333333,54.5,1.379746835443038
4.7,36.0,6.9,6985.0,52.4,1.4555555555555555
4.8,36.1,11.9,6610.0,47.2,1.3074792243767313
4.0,38.0,7.8,7107.222222222222,50.2,1.3210526315789475
3.5,39.9,4.6,7482.777777777777,52.0,1.3032581453634087
3.5,42.1,7.6,7245.0,46.8,1.1116389548693586
4.9,34.2,8.2,6933.888888888889,52.699999999999996,1.5409356725146197
6.5,38.9,3.0,7289.444444444444,51.6,1.326478149100257
4.4,30.9,24.0,5636.666666666667,40.7,1.3171521035598708
4.2,31.5,22.0,5773.888888888889,42.3,1.3428571428571427
1.1,34.2,16.5,6836.111111111111,48.199999999999996,1.4093567251461987
3.2,38.5,5.0,7790.0,53.3,1.3844155844155843
0.9,38.4,15.5,6877.222222222222,45.2,1.1770833333333335
1.5,38.0,5.5,7872.222222222222,55.0,1.4473684210526316
1.7,32.5,22.6,6096.666666666667,43.2,1.3292307692307692
3.0,37.6,15.5,6552.222222222222,43.9,1.1675531914893615
2.9,36.9,14.5,6659.444444444444,45.7,1.2384823848238484
2.6,38.4,11.8,6850.0,47.2,1.2291666666666667
2.0,31.7,6.3,7908.333333333333,60.0,1.8927444794952681
3.7,30.9,8.4,7483.333333333333,57.0,1.8446601941747574
8.9,34.1,7.8,7050.0,49.2,1.4428152492668622
2.5,28.2,12.9,7218.333333333333,56.4,2.0
2.0,31.8,9.0,7566.111111111111,57.2,1.79874213836478
5.2,34.9,14.7,6326.666666666666,45.2,1.2951289398280803
4.5,37.7,7.7,7126.111111111111,50.099999999999994,1.328912466843501
3.5,36.8,9.9,6953.888888888889,49.800000000000004,1.3532608695652175
4.1,37.2,9.1,6965.0,49.599999999999994,1.333333333333333
2.8,27.0,3.8,8007.777777777777,66.4,2.4592592592592593
7.9,26.3,2.9,7698.333333333333,62.9,2.391634980988593
3.3,27.6,6.9,7663.333333333333,62.2,2.253623188405797
3.1,28.3,4.4,7948.333333333333,64.2,2.2685512367491167
2.7,25.9,7.0,7752.777777777777,64.4,2.486486486486487
3.9,24.9,3.1,7985.555555555556,68.1,2.7349397590361444
3.0,23.9,5.5,7882.222222222222,67.6,2.8284518828451883
3.3,24.2,4.7,7921.666666666666,67.8,2.8016528925619832
1.8,36.7,15.6,6893.333333333333,45.9,1.2506811989100817
2.7,36.8,20.9,5942.777777777777,39.60000000000001,1.0760869565217395
4.0,26.5,3.1,7972.777777777777,66.4,2.505660377358491
3.7,24.8,12.0,7158.333333333333,59.5,2.3991935483870965
2.6,23.2,8.9,7628.333333333333,65.3,2.814655172413793
6.3,23.9,6.8,7492.777777777777,63.0,2.6359832635983267
2.5,25.2,8.9,7596.111111111111,63.4,2.515873015873016
2.5,25.1,6.1,7960.0,66.3,2.641434262948207
2.7,22.8,5.9,7908.888888888889,68.6,3.008771929824561
2.9,26.2,5.5,7890.555555555556,65.4,2.4961832061068705
6.09,36.31,3.4,6937.222222222222,54.199999999999996,1.4927017350592122
3.61,38.19,5.75,7315.555555555556,52.45,1.3733961770096885
3.63,40.16,6.54,7225.0,49.67,1.2368027888446216
1.9,29.77,16.67,6656.666666666666,51.66,1.7353039973127309
2.22,36.68,4.25,7810.0,56.85,1.5498909487459107
1.6,41.94,9.0,7410.0,47.46,1.1316165951359085
2.03,37.92,3.37,7876.111111111111,56.68,1.4947257383966244
2.16,31.5,22.37,6179.444444444444,43.97,1.395873015873016
3.67,35.7,12.3,6702.222222222222,48.33,1.3537815126050419
5.85,33.58,9.3,6769.444444444444,51.27,1.5268016676593212
2.1,33.84,2.08,8047.222222222222,61.98,1.831560283687943
1.81,36.01,5.23,7816.111111111111,56.95,1.5815051374618163
2.01,33.39,5.38,7683.888888888889,59.22,1.7735849056603772
1.9,35.92,8.98,7445.0,53.199999999999996,1.4810690423162582
2.27,31.29,26.95,5627.222222222222,39.49,1.262064557366571
2.69,36.42,15.26,6632.222222222222,45.629999999999995,1.2528830313014825
2.6,29.3,2.9,8065.555555555556,65.2,2.225255972696246
2.7,35.5,2.5,8092.777777777777,59.3,1.6704225352112676
2.1,25.5,11.4,7343.888888888889,61.0,2.392156862745098
3.1,30.3,3.7,7983.333333333333,62.9,2.075907590759076
2.2,26.0,4.3,8065.555555555556,67.5,2.5961538461538463
2.8,31.3,3.1,8113.333333333333,62.8,2.0063897763578273
2.1,31.0,3.6,8066.666666666666,63.3,2.041935483870968
2.3,29.4,5.5,7848.888888888889,62.800000000000004,2.1360544217687076
4.0,28.4,7.3,7446.111111111111,60.3,2.1232394366197185
5.1,24.7,4.0,7782.777777777777,66.2,2.6801619433198383
3.7,25.0,7.6,7663.888888888889,63.7,2.548
3.6,27.9,3.2,8008.333333333333,65.3,2.3405017921146953
5.1,21.8,5.5,7708.888888888889,67.6,3.10091743119266
3.1,24.1,6.6,7751.666666666666,66.2,2.7468879668049793
2.6,24.4,7.9,7682.222222222222,65.1,2.668032786885246
2.1,40.8,6.5,7578.333333333333,50.6,1.2401960784313726
7.1,31.4,10.9,6557.222222222222,50.6,1.6114649681528663
2.1,34.7,17.5,6615.0,45.699999999999996,1.3170028818443802
1.8,40.0,7.8,7530.0,50.4,1.26
4.98,35.76,2.01,7523.333333333333,57.25,1.600950782997763
4.08,32.44,10.4,6875.555555555556,53.08,1.6362515413070284
3.53,38.33,4.36,7465.555555555556,53.78,1.4030785285677017
3.34,36.28,6.16,7190.555555555556,54.22,1.4944873208379272
3.24,36.01,4.84,7390.555555555556,55.910000000000004,1.5526242710358236
2.43,34.88,12.48,6868.888888888889,50.209999999999994,1.4395068807339446
2.01,32.07,19.34,6329.444444444444,46.58,1.4524477705020267
3.69,36.21,5.88,7195.0,54.22,1.4973764153548743
3.88,27.89,21.9,5855.555555555556,46.33,1.6611688777339548
3.43,34.89,8.73,7033.888888888889,52.95,1.5176268271711093
2.66,34.79,7.17,7428.888888888889,55.38,1.5918367346938778
1.78,37.09,10.39,7354.444444444444,50.739999999999995,1.3680237260717172
2.7,34.0,2.2,8043.888888888889,61.1,1.7970588235294118
2.4,33.9,5.0,7827.777777777777,58.7,1.7315634218289087
2.7,32.5,8.5,7523.888888888889,56.3,1.7323076923076923
3.0,32.6,10.4,7218.888888888889,54.0,1.656441717791411
2.9,33.6,9.2,7434.444444444444,54.3,1.6160714285714284
3.5,33.6,3.5,7846.666666666666,59.4,1.7678571428571428
3.6,31.2,18.0,6467.777777777777,47.2,1.512820512820513
3.2,34.2,2.1,8073.333333333333,60.5,1.7690058479532162
4.1,32.5,6.5,7582.222222222222,56.9,1.7507692307692306
2.9,31.9,4.6,7830.555555555556,60.6,1.8996865203761757
8.0,28.5,7.1,7150.555555555556,56.4,1.9789473684210526
2.8,30.4,12.6,7117.777777777777,54.2,1.7828947368421055
2.0,30.0,16.8,6813.888888888889,51.2,1.7066666666666668
3.5,27.8,21.6,6159.444444444444,47.099999999999994,1.6942446043165464
3.0,35.0,3.4,8013.333333333333,58.6,1.6742857142857144
3.7,33.3,7.1,7631.666666666666,55.900000000000006,1.678678678678679
3.2,35.6,2.7,7919.444444444444,58.5,1.643258426966292
2.1,38.6,4.8,7839.444444444444,54.5,1.4119170984455958
2.4,36.7,7.3,7628.888888888889,53.599999999999994,1.4604904632152587
5.04,36.07,4.92,7226.666666666666,53.97,1.4962572775159413
2.53,35.57,6.55,7539.444444444444,55.35,1.5560865898228844
1.93,40.46,7.94,7363.888888888889,49.67,1.2276322293623332
2.08,34.37,14.81,6763.333333333333,48.74,1.4180971777713123
2.33,33.46,13.01,6842.222222222222,51.2,1.5301852958756725
3.23,33.84,11.02,6996.111111111111,51.91,1.5339834515366428
2.68,30.0,13.52,6771.666666666666,53.8,1.7933333333333332
2.46,36.03,6.84,7448.333333333333,54.67,1.5173466555648072
2.36,29.64,15.52,6779.444444444444,52.480000000000004,1.7705802968960864
2.3,32.99,8.29,7447.777777777777,56.42,1.710215216732343
4.64,35.72,2.97,7318.333333333333,56.67,1.5865061590145577
3.81,37.18,6.59,7141.111111111111,52.42,1.4098977945131792
1.7,30.41,6.08,7767.222222222222,61.81,2.0325550805656034
1.85,29.91,5.71,7806.666666666666,62.53,2.090605148779672
2.78,38.57,9.2,7120.555555555556,49.45,1.28208452164895
2.49,38.49,8.64,7255.555555555556,50.379999999999995,1.3089114055598854
1.63,32.69,1.92,8203.888888888889,63.760000000000005,1.9504435607219337
1.63,30.96,6.55,7763.333333333333,60.86,1.9657622739018088
1.93,32.28,8.04,7513.888888888889,57.75,1.7890334572490705
1.5,33.54,2.21,8240.0,62.75,1.8709004174120454
2.75,36.63,7.15,7408.888888888889,53.47,1.4597324597324597
2.67,36.25,5.37,7552.222222222222,55.71,1.5368275862068965
2.53,36.91,9.4,7166.111111111111,51.160000000000004,1.3860742346247632
2.32,38.82,6.8,7470.555555555556,52.06,1.3410613086038126
2.18,33.31,9.59,7265.0,54.92,1.6487541278895226
2.29,35.95,2.2,7950.555555555556,59.559999999999995,1.6567454798331012
3.4,33.27,9.22,7080.555555555556,54.11,1.6263901412684099
1.95,37.38,13.33,6890.0,47.339999999999996,1.2664526484751202
3.6,31.19,12.8,6673.888888888889,52.41,1.6803462648284704
3.2,32.13,13.75,6626.666666666666,50.92,1.5848117024587611
5.5,32.7,7.7,7023.888888888889,54.099999999999994,1.6544342507645258
3.4,28.0,4.4,7877.777777777777,64.2,2.292857142857143
3.8,32.8,3.4,7955.555555555556,60.0,1.829268292682927
2.9,27.2,6.2,7687.222222222222,63.7,2.3419117647058827
3.5,31.5,18.5,6441.111111111111,46.5,1.4761904761904763
3.1,33.6,10.2,7206.666666666666,53.1,1.5803571428571428
3.4,35.0,6.2,7519.444444444444,55.4,1.5828571428571427
2.5,31.8,9.1,7547.777777777777,56.6,1.779874213836478
1.6,31.5,6.9,7921.666666666666,60.0,1.9047619047619047
3.9,34.1,11.2,7050.0,50.8,1.4897360703812315
2.7,30.2,6.1,7903.888888888889,61.0,2.019867549668874
4.0,34.7,10.4,7026.111111111111,50.9,1.46685878962536
2.6,40.8,5.8,7611.666666666666,50.800000000000004,1.2450980392156865
3.2,28.3,6.7,7702.777777777777,61.8,2.1837455830388692
2.6,31.1,7.0,7782.777777777777,59.3,1.9067524115755625
2.83,33.05,9.17,7268.888888888889,54.95,1.6626323751891077
2.45,36.61,12.06,6971.666666666666,48.879999999999995,1.3351543294181916
3.63,35.02,4.7,7360.0,56.65,1.6176470588235292
3.23,37.9,7.04,7293.333333333333,51.83,1.3675461741424801
3.27,37.65,7.92,7125.555555555556,51.160000000000004,1.358831341301461
1.3,44.5,6.9,7928.888888888889,47.3,1.0629213483146067
2.0,29.6,9.1,7678.888888888889,59.3,2.003378378378378
1.9,33.5,9.6,7555.0,55.0,1.6417910447761195
3.0,34.8,7.1,7639.444444444444,55.1,1.5833333333333335
3.9,30.8,13.2,7086.111111111111,52.1,1.6915584415584415
3.3,42.9,21.7,6242.222222222222,32.099999999999994,0.7482517482517481
2.4,30.5,7.1,7820.555555555556,60.0,1.9672131147540983
1.5,33.1,14.9,7127.777777777777,50.5,1.525679758308157
3.8,32.2,6.5,7735.555555555556,57.5,1.7857142857142856
2.5,35.12,9.12,7188.333333333333,53.260000000000005,1.5165148063781324
3.32,34.93,4.04,7470.0,57.71,1.6521614657887203
1.85,35.79,15.67,6758.333333333333,46.69,1.304554344789047
1.73,26.1,7.89,7783.333333333333,64.28,2.4628352490421457
3.17,37.22,7.25,7196.666666666666,52.36,1.4067705534658785
2.75,37.86,8.4,7319.444444444444,50.99,1.3468040147913365
2.44,36.43,6.82,7451.111111111111,54.31,1.4908042821850125
1.47,28.83,13.13,7166.111111111111,56.57,1.9621921609434618
1.27,23.1,12.85,7314.444444444444,62.78,2.7177489177489176
1.3,23.0,9.7,7448.888888888889,66.0,2.869565217391304
1.36,25.42,11.13,7506.666666666666,62.089999999999996,2.4425649095200628
6.27,32.16,10.93,6470.555555555556,50.64,1.574626865671642
5.2,37.06,5.47,6902.777777777777,52.269999999999996,1.4104155423637343
4.13,38.89,6.12,7093.888888888889,50.86,1.3077912059655439
6.14,34.55,13.16,6111.666666666667,46.150000000000006,1.335745296671491
4.53,37.67,6.35,7026.666666666666,51.45,1.365808335545527
4.73,40.07,2.69,7272.222222222222,52.51,1.310456700773646
3.8,40.72,6.45,7056.666666666666,49.03,1.2040766208251474
3.69,33.23,19.61,5904.444444444444,43.47,1.3081552813722541
3.49,35.77,11.07,6792.777777777777,49.669999999999995,1.388593793681856
4.32,36.38,12.83,6361.666666666666,46.47,1.2773501924134139
4.79,38.56,5.78,6891.666666666666,50.87,1.3192427385892114
1.45,35.58,6.75,7728.888888888889,56.22,1.5801011804384486
1.97,36.99,7.89,7596.111111111111,53.15,1.436874831035415
2.56,30.38,16.67,6528.333333333333,50.39,1.6586570111915735
1.85,32.14,5.11,7886.666666666666,60.9,1.894835096453018
3.27,37.89,10.97,6888.333333333333,47.87,1.2633940353655317
3.72,39.13,4.37,7375.555555555556,52.78,1.3488372093023255
3.5,33.96,5.17,7362.777777777777,57.37,1.6893404004711423
3.42,33.94,10.98,6756.111111111111,51.660000000000004,1.5220978196817916
3.55,35.03,5.26,7282.222222222222,56.16,1.603197259491864
3.62,36.33,2.77,7734.444444444444,57.28,1.5766584090283513
1.49,30.43,9.06,7600.0,59.019999999999996,1.939533355241538
1.6,23.24,14.46,7140.555555555556,60.7,2.6118760757314976
2.6,33.1,15.44,6632.777777777777,48.86,1.476132930513595
2.06,39.1,8.09,7385.0,50.75,1.2979539641943734
1.53,28.42,8.76,7657.777777777777,61.29,2.1565798733286416
1.38,20.76,22.57,6498.888888888889,55.29,2.663294797687861
1.76,23.43,18.27,6787.777777777777,56.54,2.4131455399061035
2.02,22.9,24.59,6256.111111111111,50.49,2.204803493449782
1.54,19.75,25.08,6220.555555555556,53.63,2.715443037974684
2.2,28.9,15.67,6978.333333333333,53.230000000000004,1.8418685121107268
2.7,30.35,11.01,7290.0,55.94,1.843163097199341
4.6,38.41,11.35,6505.0,45.64,1.1882322311897944
3.75,37.33,9.8,6913.888888888889,49.120000000000005,1.315831770693812
6.57,36.17,5.04,6996.111111111111,52.22,1.4437379043406138
3.81,38.71,8.01,7196.666666666666,49.47,1.2779643502970808
2.4,39.5,3.8,7883.888888888889,54.3,1.3746835443037975
2.4,36.0,6.5,7638.333333333333,55.1,1.5305555555555557
2.2,31.7,19.5,6381.666666666666,46.6,1.470031545741325
1.9,33.6,24.7,5950.555555555556,39.8,1.1845238095238093
1.8,37.2,16.5,6726.666666666666,44.5,1.1962365591397848
1.8,32.4,16.6,6733.333333333333,49.2,1.5185185185185186
1.8,34.5,14.4,6961.666666666666,49.3,1.4289855072463766
2.0,30.9,23.7,5978.333333333333,43.400000000000006,1.4045307443365698
4.5,34.7,9.9,7075.0,50.9,1.46685878962536
3.4,33.5,7.6,7387.222222222222,55.5,1.6567164179104477
2.56,40.97,9.39,7313.888888888889,47.08,1.1491335123260922
2.38,40.65,8.9,7298.888888888889,48.07,1.1825338253382534
2.55,39.21,8.65,7209.444444444444,49.59,1.2647283856159144
3.75,36.29,7.5,7171.666666666666,52.46,1.4455772940203913
3.7,34.75,9.74,6993.888888888889,51.81,1.4909352517985612
5.24,34.59,7.66,6984.444444444444,52.51,1.5180688060132985
3.8,37.11,6.93,7252.777777777777,52.16,1.4055510644031257
3.3,34.95,9.08,7183.888888888889,52.67,1.5070100143061516
2.21,31.72,17.85,6437.222222222222,48.22,1.5201765447667088
2.75,33.38,14.28,6723.333333333333,49.589999999999996,1.485620131815458
2.34,36.67,12.66,6920.555555555556,48.33,1.317971093536951
4.11,38.36,10.95,6672.222222222222,46.58,1.2142857142857142
3.39,33.74,14.95,6515.0,47.92,1.4202726733847066
2.68,36.22,6.49,7527.222222222222,54.61,1.507730535615682
2.49,31.79,16.23,6551.666666666666,49.49,1.5567788612771314
2.45,34.61,12.17,6951.111111111111,50.769999999999996,1.4669170759895982
2.23,37.04,8.41,7308.888888888889,52.32,1.4125269978401729
4.07,36.32,2.41,7541.666666666666,57.2,1.5748898678414098
3.04,34.37,11.27,6917.777777777777,51.32000000000001,1.4931626418388133
2.85,34.06,14.36,6640.555555555556,48.73,1.4307105108631823
2.1,36.38,10.29,7196.111111111111,51.23,1.408191313908741
1.92,36.47,7.77,7448.888888888889,53.84,1.4762818755141214
1.85,33.1,15.05,6812.777777777777,50.0,1.510574018126888
1.54,35.62,13.05,7058.888888888889,49.790000000000006,1.3978102189781025
2.86,37.7,10.36,6915.0,49.08,1.3018567639257292
2.75,31.93,27.2,5451.111111111111,38.120000000000005,1.1938615721891639
2.9,36.34,10.99,6957.222222222222,49.769999999999996,1.3695652173913042
2.7,36.02,14.2,6672.222222222222,47.08,1.3070516379789006
2.37,31.37,21.68,6107.777777777777,44.58,1.421102964615875
3.37,35.38,4.23,7530.0,57.019999999999996,1.611644997173544
2.81,30.64,21.15,5992.777777777777,45.400000000000006,1.4817232375979115
4.07,30.77,19.56,5931.666666666667,45.6,1.4819629509262269
2.96,36.75,9.96,6961.111111111111,50.33,1.3695238095238096
2.8,37.64,12.02,6842.222222222222,47.54,1.2630180658873538
2.61,36.43,10.49,6980.0,50.47,1.385396651111721
3.38,35.25,11.84,6843.888888888889,49.53,1.4051063829787234
2.66,34.93,13.03,6828.888888888889,49.38,1.4136845118809047
4.4,40.01,10.26,6695.555555555556,45.33,1.1329667583104224
3.24,33.12,10.8,6926.666666666666,52.84,1.5954106280193239
3.22,36.59,9.54,6991.666666666666,50.65,1.384257993987428
4.71,34.71,8.75,6882.777777777777,51.83,1.4932296168251225
2.5,30.0,5.9,7866.111111111111,61.6,2.0533333333333332
3.2,29.2,3.7,7991.111111111111,63.9,2.1883561643835616
2.8,32.7,21.3,6112.222222222222,43.199999999999996,1.3211009174311925
1.9,32.4,27.4,5745.555555555556,38.300000000000004,1.182098765432099
1.8,35.5,11.3,7255.0,51.4,1.447887323943662
1.6,36.3,7.3,7668.333333333333,54.800000000000004,1.509641873278237
1.9,37.0,5.3,7820.0,55.8,1.508108108108108
1.6,32.9,26.9,5965.0,38.6,1.1732522796352585
1.5,33.8,16.6,6775.0,48.1,1.4230769230769231
2.0,29.6,16.9,6672.222222222222,51.5,1.7398648648648647
2.7,39.0,6.1,7543.888888888889,52.2,1.3384615384615386
2.4,35.7,18.1,6497.222222222222,43.8,1.2268907563025209
2.5,33.0,22.6,5937.777777777777,41.9,1.2696969696969695
2.09,33.28,3.39,8015.0,61.239999999999995,1.8401442307692306
2.7,29.46,12.01,7240.0,55.83,1.8951120162932789
2.84,31.06,10.14,7337.222222222222,55.96,1.801674179008371
2.32,28.88,16.02,7015.0,52.78,1.8275623268698062
4.51,34.22,4.65,7278.888888888889,56.620000000000005,1.6545879602571598
1.98,37.74,12.65,6885.555555555556,47.629999999999995,1.2620561738208795
2.15,36.88,7.83,7351.666666666666,53.14,1.4408893709327548
2.85,33.33,14.56,6605.555555555556,49.260000000000005,1.4779477947794781
2.53,36.59,8.79,7205.555555555556,52.089999999999996,1.4236130090188575
2.48,34.68,14.1,6764.444444444444,48.74,1.4054209919261824
3.04,37.45,4.22,7461.111111111111,55.29,1.4763684913217623
3.32,34.47,5.8,7376.111111111111,56.410000000000004,1.6364955033362345
1.85,37.51,4.03,7882.777777777777,56.61,1.5091975473207146
3.33,37.02,7.62,7212.222222222222,52.03,1.4054565099945975
2.45,40.65,8.81,7263.888888888889,48.09,1.1830258302583028
2.87,35.26,11.2,6858.888888888889,50.67,1.437039137833239
2.99,36.37,6.41,7389.444444444444,54.230000000000004,1.4910640637888373
2.54,38.12,6.08,7338.888888888889,53.260000000000005,1.3971668415529908
3.62,34.77,3.56,7532.222222222222,58.05,1.6695427092320965
2.05,33.29,7.1,7734.444444444444,57.56,1.729047762090718
1.35,34.98,3.71,8080.0,59.96,1.7141223556317897
1.45,34.18,6.04,7858.333333333333,58.33,1.7065535400819192
1.96,32.82,6.89,7841.111111111111,58.33,1.7772699573430835
2.67,33.68,7.31,7347.777777777777,56.34,1.6728028503562946
1.96,34.26,4.15,7959.444444444444,59.63,1.7405137186223003
5.7,37.17,4.14,7108.888888888889,52.989999999999995,1.4256120527306966
1.5,31.12,14.69,7024.444444444444,52.69,1.6931233933161953
1.87,32.12,5.14,7862.222222222222,60.870000000000005,1.8950809464508098
1.55,35.56,5.2,7827.222222222222,57.69,1.6223284589426321
1.7,31.64,12.53,7156.666666666666,54.13,1.7108091024020229
1.71,35.75,4.97,7900.555555555556,57.57,1.6103496503496504
1.75,32.48,3.41,7980.0,62.36,1.9199507389162562
1.7,30.0,13.9,7025.0,54.4,1.8133333333333332
2.3,30.1,22.0,6141.666666666667,45.599999999999994,1.5149501661129565
2.8,34.0,14.5,6722.222222222222,48.7,1.4323529411764706
3.0,33.3,16.9,6497.777777777777,46.800000000000004,1.4054054054054057
3.0,32.4,16.2,6543.888888888889,48.400000000000006,1.4938271604938274
3.4,36.7,5.6,7371.666666666666,54.3,1.4795640326975474
1.9,34.4,22.9,6092.222222222222,40.800000000000004,1.186046511627907
2.3,36.0,8.9,7407.222222222222,52.8,1.4666666666666666
2.1,39.7,12.4,7046.666666666666,45.8,1.1536523929471032
3.5,33.8,15.3,6407.222222222222,47.400000000000006,1.4023668639053257
3.0,38.5,3.3,7630.0,55.2,1.4337662337662338
2.03,40.46,7.63,7510.0,49.879999999999995,1.232822540781018
2.21,39.71,9.0,7316.666666666666,49.08,1.2359607151850918
2.15,39.51,11.54,7100.555555555556,46.800000000000004,1.1845102505694762
2.53,37.04,4.75,7723.333333333333,55.68,1.5032397408207343
2.2,38.3,11.6,7072.222222222222,47.900000000000006,1.2506527415143605
2.0,32.8,25.3,5916.666666666667,39.900000000000006,1.2164634146341466
2.4,36.1,6.9,7577.777777777777,54.599999999999994,1.5124653739612186
2.2,41.6,3.5,7950.555555555556,52.699999999999996,1.266826923076923
1.7,36.3,10.8,7222.222222222222,51.2,1.410468319559229
1.8,31.6,23.1,6212.222222222222,43.5,1.3765822784810127
2.2,36.3,11.7,7260.555555555556,49.800000000000004,1.3719008264462813
1.6,37.2,7.2,7765.0,54.0,1.4516129032258063
2.0,36.5,4.8,7882.777777777777,56.7,1.5534246575342467
2.0,37.5,11.6,7208.333333333333,48.9,1.304
2.8,36.6,9.0,7230.0,51.599999999999994,1.4098360655737703
2.2,35.2,18.4,6446.666666666666,44.2,1.2556818181818181
2.8,30.4,20.5,6129.444444444444,46.3,1.5230263157894737
3.0,31.5,18.8,6332.222222222222,46.7,1.4825396825396826
2.6,32.2,15.1,6700.0,50.099999999999994,1.5559006211180122
2.7,30.7,18.8,6342.777777777777,47.8,1.5570032573289903
2.4,29.2,23.5,5962.222222222222,44.900000000000006,1.5376712328767126
3.1,32.8,13.4,6781.666666666666,50.7,1.5457317073170733
1.81,29.42,10.39,7351.666666666666,58.379999999999995,1.9843643779741669
1.55,33.62,6.05,7795.0,58.78,1.7483640690065438
1.19,21.98,15.55,7241.111111111111,61.28,2.7879890809827117
2.14,30.89,5.17,7819.444444444444,61.8,2.0006474587245062
4.02,31.67,4.71,7543.888888888889,59.599999999999994,1.881907167666561
1.7,33.75,9.17,7567.777777777777,55.38,1.640888888888889
2.51,36.22,5.08,7775.0,56.19,1.5513528437327444
1.85,31.65,13.9,7092.777777777777,52.6,1.6619273301737758
2.2,28.51,15.74,6905.555555555556,53.55,1.8782883198877585
2.36,30.26,4.32,7994.444444444444,63.06,2.0839391936549903
2.57,31.38,12.54,7159.444444444444,53.510000000000005,1.7052262587635438
2.95,36.5,6.59,7507.222222222222,53.96,1.4783561643835617
3.09,35.64,4.51,7676.111111111111,56.76,1.5925925925925926
2.71,36.55,3.69,7750.555555555556,57.050000000000004,1.5608755129958962
2.71,36.36,5.31,7655.555555555556,55.620000000000005,1.52970297029703
2.05,44.28,6.14,7625.0,47.53,1.0733965672990062
2.84,40.24,8.63,7213.888888888889,48.29,1.2000497017892644
3.64,39.51,1.73,7753.333333333333,55.120000000000005,1.3950898506707166
3.18,38.47,2.29,7897.777777777777,56.06,1.4572394073303874
3.52,34.68,15.12,6523.888888888889,46.68,1.3460207612456747
4.1,32.76,15.64,6300.0,47.5,1.4499389499389501
1.1,20.33,2.87,8351.111111111111,75.7,3.7235612395474673
1.49,20.44,9.82,7658.333333333333,68.25,3.3390410958904106
3.49,19.93,1.65,8048.333333333333,74.93,3.7596588058203717
1.82,21.86,5.94,7871.111111111111,70.38,3.2195791399817018
1.85,23.39,8.58,7678.333333333333,66.18,2.8294142796066697
3.8,33.44,13.69,6569.444444444444,49.07000000000001,1.467404306220096
2.17,37.89,8.03,7396.666666666666,51.91,1.3700184745315385
2.32,35.09,7.22,7416.666666666666,55.37,1.5779424337418066
1.74,34.05,13.64,7062.777777777777,50.57,1.4851688693098386
1.82,32.94,16.49,6797.222222222222,48.75,1.4799635701275047
2.76,36.81,9.2,7222.222222222222,51.23,1.39174137462646
2.0,39.8,8.6,7402.777777777777,49.6,1.2462311557788945
2.9,34.7,14.3,6788.333333333333,48.099999999999994,1.386167146974063
2.4,39.6,14.6,6655.0,43.4,1.0959595959595958
2.4,39.0,10.0,7298.333333333333,48.6,1.2461538461538462
1.8,32.6,19.8,6496.111111111111,45.8,1.4049079754601226
2.1,34.4,10.9,7265.555555555556,52.6,1.5290697674418605
1.7,36.6,22.2,6201.666666666666,39.5,1.0792349726775956
2.3,37.7,14.2,6888.333333333333,45.8,1.2148541114058353
1.6,36.9,18.4,6550.555555555556,43.1,1.1680216802168022
1.9,38.5,9.7,7345.0,49.9,1.296103896103896
1.8,33.9,17.3,6730.0,47.0,1.3864306784660767
1.7,32.0,23.9,6106.666666666667,42.400000000000006,1.3250000000000002
1.8,39.2,11.9,7177.222222222222,47.099999999999994,1.2015306122448977
1.9,32.7,24.3,6056.111111111111,41.099999999999994,1.256880733944954
1.8,31.1,25.6,5961.111111111111,41.5,1.3344051446945338
1.5,30.4,23.0,6206.666666666666,45.1,1.4835526315789476
1.8,31.2,16.9,6745.0,50.1,1.6057692307692308
2.6,40.0,7.0,7445.0,50.4,1.26
3.3,37.4,5.3,7472.222222222222,54.0,1.4438502673796791
1.9,36.1,23.5,6042.222222222222,38.5,1.0664819944598338
3.2,32.0,12.7,6815.555555555556,52.1,1.628125
3.2,33.9,14.0,6695.555555555556,48.900000000000006,1.442477876106195
2.27,40.22,5.87,7616.111111111111,51.64,1.283938339134759
2.48,35.36,11.09,7052.777777777777,51.07,1.444287330316742
1.91,37.97,9.38,7320.0,50.74,1.3363181459046616
2.12,35.65,7.29,7545.555555555556,54.94,1.54109396914446
2.42,36.38,3.65,7840.555555555556,57.55,1.5819131390874104
2.3,38.5,15.4,6812.777777777777,43.8,1.1376623376623376
2.4,35.1,21.5,6229.444444444444,41.0,1.168091168091168
2.2,34.5,9.7,7375.555555555556,53.6,1.5536231884057972
1.8,30.1,18.9,6612.222222222222,49.2,1.6345514950166113
2.1,31.6,14.4,6969.444444444444,51.9,1.6424050632911391
1.8,30.4,20.5,6430.0,47.3,1.555921052631579
1.8,30.1,19.3,6577.777777777777,48.8,1.6212624584717605
1.7,31.7,17.1,6770.555555555556,49.5,1.5615141955835963
1.9,31.1,22.7,6217.222222222222,44.3,1.4244372990353695
2.1,40.6,7.3,7545.555555555556,50.0,1.2315270935960592
1.9,34.5,15.2,6902.777777777777,48.400000000000006,1.4028985507246379
2.1,31.6,17.4,6648.333333333333,48.9,1.5474683544303796
1.9,31.4,14.8,6956.111111111111,51.900000000000006,1.6528662420382167
1.9,35.8,8.3,7549.444444444444,54.0,1.5083798882681565
1.7,36.9,12.5,7201.111111111111,48.900000000000006,1.3252032520325205
1.5,31.1,23.0,6211.111111111111,44.4,1.427652733118971
1.6,35.0,11.0,7328.333333333333,52.4,1.497142857142857
1.5,35.5,12.4,7153.333333333333,50.6,1.4253521126760564
1.7,44.0,3.7,7911.666666666666,50.6,1.1500000000000001
1.8,42.9,6.2,7711.666666666666,49.1,1.1445221445221445
1.3,30.7,26.6,5956.666666666667,41.4,1.3485342019543973
1.5,32.8,15.8,6881.111111111111,49.900000000000006,1.5213414634146345
1.2,33.2,18.4,6686.666666666666,47.2,1.4216867469879517
3.07,39.21,12.09,6957.777777777777,45.629999999999995,1.1637337413925017
3.24,40.75,4.28,7706.666666666666,51.73,1.269447852760736
5.4,38.38,6.08,7243.333333333333,50.14,1.3064095883272537
2.95,36.17,12.54,6936.666666666666,48.34,1.3364666850981477
2.6,34.78,20.18,6303.333333333333,42.44,1.2202415181138584
2.56,37.77,4.85,7738.888888888889,54.81999999999999,1.4514164680963726
2.41,38.6,10.47,7167.777777777777,48.519999999999996,1.2569948186528497
2.22,34.62,10.86,7156.666666666666,52.300000000000004,1.5106874638937033
4.4,34.01,10.32,6963.333333333333,51.27,1.5074977947662453
4.36,39.54,5.55,7383.888888888889,50.55,1.2784522003034902
3.19,34.04,21.24,6073.333333333333,41.53,1.2200352526439484
2.57,37.34,12.12,6958.888888888889,47.97,1.2846813069094802
3.36,36.91,14.99,6541.111111111111,44.74,1.2121376320780277
1.99,36.94,6.35,7691.666666666666,54.72,1.4813210611802925
2.0,38.58,3.22,7987.222222222222,56.2,1.4567133229652671
1.82,36.03,15.48,6868.888888888889,46.67,1.2953094643352763
2.37,36.54,10.61,7152.222222222222,50.480000000000004,1.3814997263273128
2.16,39.32,12.93,6947.222222222222,45.59,1.1594608341810784
3.02,35.83,10.15,7092.222222222222,51.0,1.423388222160201
4.91,30.71,11.58,6753.333333333333,52.8,1.7193096711168998
3.33,36.55,1.22,7984.444444444444,58.900000000000006,1.6114911080711356
2.79,38.43,3.4,7861.111111111111,55.38,1.4410616705698673
3.39,36.0,5.32,7621.111111111111,55.29,1.5358333333333334
4.41,31.02,11.99,6904.444444444444,52.58,1.6950354609929077
2.76,34.74,7.18,7559.444444444444,55.32,1.5924006908462867
4.18,32.16,6.04,7366.111111111111,57.620000000000005,1.791666666666667
3.06,34.81,12.9,6897.777777777777,49.23,1.4142487790864693
8.11,27.87,12.78,6090.555555555556,51.239999999999995,1.8385360602798706
2.89,38.16,5.04,7617.222222222222,53.910000000000004,1.412735849056604
4.71,36.22,2.14,7711.666666666666,56.93,1.5717835450027609
4.31,38.57,3.24,7741.111111111111,53.88,1.3969406274306457
1.83,41.78,13.26,6995.555555555556,43.129999999999995,1.0323121110579223
2.45,39.49,13.55,6892.777777777777,44.51,1.1271207900734361
6.38,36.17,1.47,7601.666666666666,55.98,1.5476914570085705
3.11,39.4,6.24,7462.777777777777,51.25,1.300761421319797
4.32,30.25,24.5,5563.888888888889,40.93,1.3530578512396694
8.51,32.88,3.13,7181.666666666666,55.48,1.6873479318734792
3.14,36.73,7.98,7398.888888888889,52.150000000000006,1.4198203103729923
5.28,36.87,4.07,7502.777777777777,53.78,1.4586384594521293
6.69,33.46,2.28,7591.111111111111,57.57,1.7205618649133294
2.6,36.74,7.02,7386.666666666666,53.64,1.4599891126837234
3.6,37.3,3.6,7782.777777777777,55.5,1.4879356568364612
1.86,33.28,13.5,7107.222222222222,51.36,1.5432692307692306
1.64,38.0,2.57,8070.0,57.79,1.5207894736842105
4.26,37.53,4.42,7513.888888888889,53.79,1.4332533972821742
5.06,35.65,14.53,6432.777777777777,44.760000000000005,1.2555399719495093
3.49,37.64,14.41,6657.777777777777,44.46,1.1811902231668439
4.65,40.9,4.44,7312.777777777777,50.010000000000005,1.2227383863080685
5.94,39.04,3.9,7328.333333333333,51.120000000000005,1.3094262295081969
3.31,36.04,11.94,6808.333333333333,48.71,1.3515538290788014
2.89,39.11,3.33,7773.888888888889,54.67,1.39785221171056
7.28,36.87,2.7,7224.444444444444,53.150000000000006,1.4415513967995663
2.35,33.28,3.98,8032.777777777777,60.39,1.8146033653846154
2.17,30.23,5.82,7852.777777777777,61.78,2.043665233212041
1.99,31.08,5.57,7893.333333333333,61.36,1.9742599742599745
1.9,34.7,13.3,7043.888888888889,50.099999999999994,1.4438040345821324
1.8,37.4,5.6,7731.111111111111,55.2,1.4759358288770055
1.6,37.7,8.1,7539.444444444444,52.599999999999994,1.3952254641909811
1.3,30.5,26.2,5889.444444444444,42.0,1.3770491803278688
1.5,31.6,19.2,6556.111111111111,47.7,1.509493670886076
1.1,33.4,17.6,6737.777777777777,47.9,1.4341317365269461
1.9,34.2,21.0,6335.555555555556,42.9,1.2543859649122806
1.7,34.4,21.7,6265.0,42.2,1.2267441860465118
4.6,34.1,15.4,6590.555555555556,45.9,1.346041055718475
1.6,37.9,8.9,7400.555555555556,51.6,1.3614775725593669
1.6,33.2,18.9,6552.777777777777,46.3,1.3945783132530118
1.9,33.1,13.4,6997.777777777777,51.599999999999994,1.5589123867069483
1.6,34.1,17.1,6685.0,47.199999999999996,1.3841642228739002
2.0,34.9,9.6,7282.222222222222,53.5,1.5329512893982808
1.2,34.4,22.6,6213.888888888889,41.8,1.2151162790697674
1.5,36.0,10.8,7364.444444444444,51.7,1.4361111111111111
1.9,36.6,14.7,6874.444444444444,46.8,1.2786885245901638
1.3,35.4,9.2,7429.444444444444,54.1,1.5282485875706215
1.5,29.6,18.8,6584.444444444444,50.099999999999994,1.6925675675675673
1.4,31.1,17.7,6580.555555555556,49.8,1.6012861736334403
1.3,32.2,3.7,7977.222222222222,62.8,1.9503105590062109
1.5,31.7,23.5,6163.888888888889,43.3,1.3659305993690851
1.9,33.5,15.7,6822.777777777777,48.900000000000006,1.4597014925373135
1.7,34.8,14.2,6960.0,49.300000000000004,1.416666666666667
1.8,35.3,4.3,7952.777777777777,58.6,1.6600566572237963
1.8,30.9,17.8,6695.0,49.5,1.6019417475728157
2.3,29.8,13.0,7042.777777777777,54.9,1.8422818791946307
1.4,38.8,8.0,7696.111111111111,51.800000000000004,1.3350515463917527
1.9,30.7,18.3,6596.666666666666,49.1,1.5993485342019544
1.7,34.8,7.8,7616.666666666666,55.7,1.6005747126436785
1.4,32.7,20.0,6481.111111111111,45.9,1.403669724770642
2.0,32.7,25.9,5842.777777777777,39.4,1.204892966360856
2.0,36.0,11.8,7201.111111111111,50.2,1.3944444444444446
2.0,31.5,15.1,6877.777777777777,51.4,1.6317460317460317
5.82,34.95,19.43,5551.666666666667,39.8,1.138769670958512
6.36,37.85,6.32,6805.555555555556,49.47,1.3070013210039628
7.36,38.49,13.37,6016.666666666667,40.78,1.0594959729799949
6.72,40.09,8.47,6598.333333333333,44.72,1.1154901471688698
8.66,39.48,9.87,6265.0,41.99,1.0635764944275583
6.88,36.82,11.01,6342.222222222222,45.29,1.2300380228136882
7.69,37.39,7.55,6663.888888888889,47.37,1.2669162877774804
7.09,33.82,14.62,6107.222222222222,44.47,1.3149024246008278
5.92,36.59,16.45,5942.777777777777,41.04,1.1216179283957364
8.88,37.19,7.84,6353.888888888889,46.09,1.2393116429147621
2.3,33.96,11.28,7233.333333333333,52.46,1.5447585394581862
1.84,33.07,3.41,8069.444444444444,61.68,1.8651345630480798
1.87,28.86,18.73,6615.0,50.54,1.7512127512127513
2.15,29.43,13.73,7061.666666666666,54.69,1.8583078491335372
1.76,33.05,3.98,8054.444444444444,61.21,1.8520423600605145
1.38,31.81,15.78,6981.666666666666,51.03,1.6042125117887458
1.32,28.49,22.93,6396.666666666666,47.260000000000005,1.6588276588276591
2.25,26.2,26.53,5910.0,45.019999999999996,1.7183206106870228
1.96,31.0,5.48,7888.888888888889,61.56,1.9858064516129033
1.68,29.33,9.63,7509.444444444444,59.36,2.0238663484486876
1.12,37.08,2.94,8273.888888888889,58.86,1.587378640776699
1.18,30.46,6.35,7980.555555555556,62.01,2.035784635587656
1.47,27.04,14.32,7197.777777777777,57.17,2.114275147928994
1.2,29.61,4.19,8204.444444444443,65.0,2.1952043228638973
1.69,29.12,12.85,7271.666666666666,56.34,1.9347527472527473
1.15,34.71,4.2,8049.444444444444,59.94,1.7268798617113224
2.29,32.39,13.19,7001.111111111111,52.129999999999995,1.6094473602963877
2.19,32.43,6.44,7726.666666666666,58.94,1.8174529756398397
2.25,32.61,4.83,7826.111111111111,60.31,1.8494326893590924
1.71,32.03,9.0,7523.333333333333,57.26,1.7876990321573523
1.5,36.01,7.19,7715.555555555556,55.3,1.5356845320744237
1.21,35.14,4.32,8063.888888888889,59.33,1.6883892999430847
1.59,32.66,8.0,7601.111111111111,57.75,1.7682180036742194
1.4,33.73,5.66,7895.555555555556,59.21,1.7554106136970058
1.1,34.01,11.54,7385.0,53.35,1.568656277565422
1.35,35.74,7.99,7725.0,54.92,1.536653609401231
1.66,32.85,7.27,7691.666666666666,58.22,1.7722983257229832
1.82,33.13,4.83,7867.777777777777,60.22,1.817687896166616
1.46,34.71,3.57,8026.111111111111,60.26,1.7360991068856237
1.65,32.52,7.94,7615.0,57.89,1.7801353013530135
1.82,36.73,4.15,7883.888888888889,57.300000000000004,1.5600326708412744
1.46,34.38,4.21,8016.666666666666,59.949999999999996,1.743746364165212
9.06,31.56,5.13,6760.555555555556,54.25,1.7189480354879596
1.44,43.0,4.25,7816.666666666666,51.31,1.1932558139534883
10.53,32.35,6.24,6545.555555555556,50.879999999999995,1.5727975270479133
5.22,37.99,4.35,7512.777777777777,52.44,1.38036325348776
3.82,33.34,13.04,6738.333333333333,49.8,1.4937012597480501
2.59,37.05,12.23,6975.555555555556,48.13,1.2990553306342782
2.89,37.7,3.51,7903.333333333333,55.9,1.482758620689655
2.81,40.38,5.6,7613.333333333333,51.209999999999994,1.2682020802377412
2.29,41.47,5.6,7702.777777777777,50.64,1.2211237038823246
4.56,35.43,8.71,7071.111111111111,51.3,1.4479254868755291
5.19,36.41,1.63,7695.0,56.77,1.5591870365284264
4.52,36.31,8.98,7030.0,50.19,1.3822638391627649
5.84,33.21,5.58,7218.888888888889,55.37,1.6672688949111711
2.13,31.64,15.16,6757.777777777777,51.07,1.6140960809102403
1.41,36.47,10.58,7236.111111111111,51.54,1.4132163421990678
2.67,38.28,6.66,7549.444444444444,52.39,1.368599791013584
3.6,31.32,10.51,6954.444444444444,54.57,1.7423371647509578
3.55,28.91,17.39,6311.111111111111,50.15,1.7346938775510203
1.63,39.43,7.12,7573.888888888889,51.82,1.3142277453715445
2.32,36.42,5.24,7788.888888888889,56.019999999999996,1.5381658429434375
3.03,28.71,20.87,6058.888888888889,47.39,1.6506443747823059
3.14,31.91,12.55,6737.777777777777,52.4,1.642118458163585
3.19,31.27,19.83,6264.444444444444,45.71,1.461784457946914
3.61,31.69,12.34,6888.333333333333,52.36,1.652256232249921
1.95,35.33,18.13,6528.333333333333,44.59,1.2621001981318993
2.35,29.87,14.87,6696.666666666666,52.91,1.7713424840977567
1.56,20.3,4.2,8148.888888888889,73.94,3.642364532019704
2.87,24.06,10.49,7461.111111111111,62.58,2.600997506234414
3.13,31.08,2.27,8160.555555555556,63.52,2.043758043758044
7.65,27.53,2.59,7719.444444444444,62.23,2.2604431529240827
2.84,27.28,9.76,7471.666666666666,60.12,2.2038123167155423
3.9,36.3,1.63,7922.222222222222,58.17,1.6024793388429754
5.18,35.45,2.1,7659.444444444444,57.269999999999996,1.615514809590973
2.8,35.1,9.5,7266.666666666666,52.599999999999994,1.4985754985754984
4.77,35.94,3.57,7565.0,55.72,1.5503617139677242
3.06,38.81,6.37,7466.111111111111,51.76,1.3336768874001546
3.28,38.12,8.38,7294.444444444444,50.22,1.3174186778593915
3.59,37.33,8.42,7169.444444444444,50.660000000000004,1.3570854540583983
3.84,33.17,10.03,6995.0,52.96,1.5966234549291527
4.61,36.92,8.51,7110.555555555556,49.959999999999994,1.3531960996749728
3.19,34.77,7.05,7297.222222222222,54.989999999999995,1.5815358067299392
2.09,37.28,11.51,7072.777777777777,49.12,1.3175965665236051
2.43,37.93,3.42,7805.0,56.22,1.4822040601107302
2.53,39.66,3.45,7818.888888888889,54.36,1.3706505295007565
2.1,42.96,5.88,7590.0,49.06,1.1419925512104283
2.14,40.44,7.71,7443.888888888889,49.71,1.2292284866468843
3.36,38.46,7.2,7396.111111111111,50.98,1.3255330213208527
2.41,36.44,8.57,7276.111111111111,52.58,1.442919868276619
2.15,35.11,10.94,7143.888888888889,51.8,1.4753631444033037
2.22,36.81,9.66,7242.222222222222,51.309999999999995,1.393914697093181
2.16,38.93,3.34,7895.0,55.57,1.4274338556383253
3.94,35.88,8.49,7120.0,51.69,1.4406354515050166
4.04,38.83,2.44,7503.888888888889,54.69,1.4084470770023179
0.99,23.83,11.07,7592.777777777777,64.11,2.6903063365505666
4.46,22.34,14.18,6901.111111111111,59.019999999999996,2.64189794091316
1.87,25.62,16.68,7006.666666666666,55.83,2.1791569086651053
1.09,26.52,5.96,8091.666666666666,66.43,2.504901960784314
0.99,26.44,11.28,7572.777777777777,61.29,2.318078668683812
2.51,34.74,3.54,7836.111111111111,59.21,1.7043753598157743
1.77,37.39,3.28,8110.0,57.56,1.539449050548275
1.79,37.09,10.79,7266.111111111111,50.33,1.3569695335669991
2.28,37.62,4.92,7782.777777777777,55.18000000000001,1.466772993088783
1.46,38.72,1.66,8256.666666666666,58.160000000000004,1.5020661157024795
1.66,38.79,4.55,7922.777777777777,55.0,1.4178912090745037
1.54,37.24,4.45,7889.444444444444,56.769999999999996,1.5244360902255638
1.75,36.75,8.48,7577.777777777777,53.019999999999996,1.442721088435374
2.16,35.13,2.84,7927.777777777777,59.87,1.7042413891261028
1.7,39.63,3.82,7971.666666666666,54.849999999999994,1.3840524854907896
1.89,32.24,11.98,7163.333333333333,53.89,1.6715260545905706
2.14,35.88,5.33,7717.777777777777,56.65,1.5788740245261983
1.76,39.01,11.2,7188.333333333333,48.03,1.2312227633940016
1.92,33.0,12.93,7044.444444444444,52.15,1.5803030303030303
1.84,37.54,6.66,7605.0,53.96,1.4374001065530102
2.14,35.83,1.99,7987.777777777777,60.04,1.6756907619313426
1.79,37.33,4.86,7811.111111111111,56.02,1.5006697026520226
1.71,34.91,9.79,7395.555555555556,53.59,1.535090232025208
1.97,35.47,7.99,7508.333333333333,54.57,1.5384832252607838
1.3,39.33,8.21,7573.333333333333,51.16,1.300788202390033
1.88,36.65,7.48,7482.222222222222,53.99,1.4731241473396999
1.87,36.24,14.04,6898.888888888889,47.849999999999994,1.3203642384105958
2.0,36.65,9.49,7311.111111111111,51.86,1.4150068212824012
1.19,23.46,2.75,8420.0,72.6,3.09462915601023
1.61,27.03,5.66,7877.777777777777,65.69999999999999,2.4306326304106545
0.95,22.81,20.67,6644.444444444444,55.57,2.4362121876370013
0.76,27.79,3.65,8318.888888888889,67.8,2.4397265203310545
2.54,36.84,2.76,7863.333333333333,57.86,1.57057546145494
2.36,37.05,5.62,7605.0,54.97,1.4836707152496627
4.7,38.06,7.45,7005.555555555556,49.79,1.3081975827640566
1.62,35.34,11.12,7139.444444444444,51.92,1.4691567628749291
2.38,33.9,10.7,7128.333333333333,53.02,1.5640117994100295
1.89,32.99,15.08,6808.888888888889,50.04,1.516823279781752
1.83,38.86,3.59,7926.111111111111,55.72,1.433865156973752
2.33,36.39,4.95,7701.111111111111,56.33,1.5479527342676558
1.78,34.07,10.07,7359.444444444444,54.08,1.5873202230701495
2.0,38.08,6.94,7608.888888888889,52.980000000000004,1.3912815126050422
2.62,33.36,13.28,6817.222222222222,50.74,1.5209832134292567
2.03,35.38,7.04,7605.0,55.55,1.5700960994912379
1.98,40.53,5.18,7739.444444444444,52.31,1.2906489020478658
1.72,33.81,14.18,6870.555555555556,50.29,1.4874297545104997
2.34,30.83,13.19,6951.111111111111,53.64,1.7398637690561143
2.09,34.84,8.47,7400.0,54.599999999999994,1.5671641791044773
2.91,33.6,8.21,7256.666666666666,55.28,1.6452380952380952
2.08,38.41,7.27,7666.111111111111,52.24,1.360062483728196
3.29,37.56,6.94,7506.666666666666,52.209999999999994,1.3900425985090519
2.22,38.05,3.26,7950.0,56.47,1.4840998685939555
3.71,33.5,12.28,6701.666666666666,50.510000000000005,1.507761194029851
1.65,31.86,13.99,7105.0,52.5,1.6478342749529191
1.33,24.98,13.78,7440.0,59.91,2.398318654923939
1.66,24.79,3.08,8268.888888888889,70.47,2.8426784993949172
1.65,23.6,5.28,8205.0,69.47,2.94364406779661
1.94,28.48,3.68,8219.444444444443,65.9,2.313904494382023
2.46,21.34,15.4,6973.888888888889,60.8,2.8491096532333646
2.67,21.07,3.74,8076.666666666666,72.52,3.441860465116279
3.48,33.86,12.74,6797.222222222222,49.92,1.4743059657412878
3.68,35.0,13.34,6701.111111111111,47.980000000000004,1.370857142857143
4.62,38.51,3.36,7621.111111111111,53.510000000000005,1.3895092183848352
3.4,35.78,17.81,6330.0,43.010000000000005,1.2020681945220795
5.69,35.57,4.25,7543.888888888889,54.489999999999995,1.531908912004498
3.44,37.25,12.36,6942.222222222222,46.95,1.2604026845637584
3.51,35.3,7.67,7332.777777777777,53.52,1.51614730878187
2.64,32.89,11.45,7221.111111111111,53.019999999999996,1.612040133779264
2.67,32.67,13.11,7096.666666666666,51.55,1.5779002142638505
2.3,32.35,15.01,6916.666666666666,50.34,1.5561051004636786
2.38,33.55,7.44,7641.111111111111,56.63,1.6879284649776456
5.52,32.32,13.45,6538.333333333333,48.71,1.5071163366336633
4.31,35.22,12.85,6747.777777777777,47.620000000000005,1.3520726859738788
5.69,35.56,5.58,7262.777777777777,53.17,1.4952193475815523
3.27,34.68,14.37,6688.333333333333,47.68,1.3748558246828142
2.15,38.14,13.07,6942.222222222222,46.64,1.222863135815417
2.61,37.59,12.54,6960.0,47.26,1.2572492684224525
2.3,40.98,8.11,7391.111111111111,48.61,1.186188384577843
1.6,38.5,11.8,7201.111111111111,48.1,1.2493506493506494
2.2,38.9,3.1,7956.111111111111,55.8,1.4344473007712082
1.4,42.1,8.6,7570.555555555556,47.9,1.1377672209026128
1.1,41.7,9.5,7499.444444444444,47.699999999999996,1.1438848920863307
2.1,39.1,6.4,7675.555555555556,52.4,1.340153452685422
3.6,40.4,12.6,7031.111111111111,43.400000000000006,1.0742574257425745
2.0,33.1,19.2,6443.333333333333,45.7,1.3806646525679758
1.7,44.2,9.1,7443.333333333333,45.0,1.0180995475113122
1.9,39.9,7.6,7590.0,50.6,1.268170426065163
1.1,38.3,12.8,7231.666666666666,47.800000000000004,1.2480417754569193
2.2,38.6,3.5,7954.444444444444,55.699999999999996,1.44300518134715
2.2,38.1,4.9,7855.0,54.8,1.438320209973753
3.1,39.9,5.9,7573.888888888889,51.1,1.280701754385965
2.6,39.3,7.5,7496.111111111111,50.6,1.2875318066157762
1.2,37.1,13.9,7147.222222222222,47.8,1.288409703504043
1.2,39.3,9.8,7579.444444444444,49.7,1.2646310432569976
1.9,29.7,9.6,7457.777777777777,58.8,1.9797979797979797
1.1,34.9,19.1,6690.555555555556,44.9,1.2865329512893984
1.2,34.5,19.4,6668.888888888889,44.900000000000006,1.301449275362319
1.1,37.0,13.5,7188.333333333333,48.4,1.308108108108108
0.9,30.4,8.3,7793.333333333333,60.4,1.986842105263158
2.87,33.94,18.17,6459.444444444444,45.019999999999996,1.3264584560989983
2.4,37.71,18.09,6400.0,41.8,1.1084592946168124
3.29,34.13,15.25,6716.666666666666,47.33,1.3867565191913271
8.36,35.72,4.34,7123.333333333333,51.58,1.4440089585666294
9.32,35.34,5.36,6936.666666666666,49.98,1.4142614601018673
3.86,36.45,6.04,7495.0,53.65,1.4718792866941013
2.24,33.51,7.81,7660.0,56.44,1.6842733512384362
2.08,34.19,9.82,7543.888888888889,53.910000000000004,1.5767768353319687
4.83,33.82,16.36,6384.444444444444,44.99,1.3302779420461266
4.05,33.08,19.08,6200.555555555556,43.790000000000006,1.3237605804111248
5.38,37.72,13.19,6526.111111111111,43.71,1.1588016967126193
7.04,39.97,3.16,7147.222222222222,49.83,1.2466850137603203
6.98,30.87,14.1,6326.111111111111,48.05,1.5565273728539033
6.11,39.9,12.23,6440.555555555556,41.760000000000005,1.0466165413533837
4.1,34.1,6.2,7553.333333333333,55.599999999999994,1.6304985337243398
4.3,29.9,23.0,5920.555555555556,42.8,1.431438127090301
4.1,37.8,2.9,7807.222222222222,55.2,1.4603174603174605
3.8,36.1,4.1,7791.666666666666,56.0,1.5512465373961217
3.1,38.0,7.4,7529.444444444444,51.5,1.355263157894737
2.9,34.7,13.2,7012.777777777777,49.2,1.4178674351585014
2.7,36.5,9.5,7408.333333333333,51.3,1.4054794520547944
3.2,34.4,9.0,7378.888888888889,53.400000000000006,1.5523255813953492
3.0,36.7,6.9,7573.888888888889,53.4,1.4550408719346049
1.5,35.1,15.9,6913.333333333333,47.5,1.3532763532763532
1.8,32.4,19.6,6561.666666666666,46.2,1.425925925925926
2.0,30.5,16.8,6681.111111111111,50.7,1.6622950819672133
2.2,29.3,18.4,6553.888888888889,50.1,1.7098976109215016
3.8,32.77,3.66,7894.444444444444,59.769999999999996,1.8239243210253278
2.61,25.9,7.22,7813.888888888889,64.27000000000001,2.481467181467182
3.1,25.23,4.68,8012.222222222222,66.99000000000001,2.6551724137931036
3.41,25.28,4.34,8036.666666666666,66.97,2.6491297468354427
1.28,32.63,8.44,7741.666666666666,57.65,1.7667790376953723
1.37,30.86,13.2,7321.666666666666,54.57,1.768308489954634
1.26,28.54,14.08,7092.222222222222,56.120000000000005,1.9663629992992293
1.1,30.74,14.17,7232.222222222222,53.99,1.7563435263500327
1.25,26.44,19.22,6790.555555555556,53.09,2.0079425113464446
1.37,28.15,9.91,7639.444444444444,60.57,2.1516873889875665
1.11,23.95,18.01,6885.0,56.93,2.377035490605428
1.13,29.94,7.3,7937.777777777777,61.629999999999995,2.058450233800935
1.85,32.74,7.17,7726.666666666666,58.239999999999995,1.7788637751985337
1.29,19.76,10.22,7565.0,68.72999999999999,3.4782388663967603
1.44,25.81,18.36,6823.888888888889,54.39,2.1073227431228205
1.46,29.46,8.89,7727.777777777777,60.19,2.0431093007467753
1.98,26.24,12.8,7069.444444444444,58.980000000000004,2.2477134146341466
1.31,27.23,11.52,7603.888888888889,59.94,2.2012486228424533
1.28,25.76,21.79,6589.444444444444,51.17,1.9864130434782608
1.01,26.16,19.27,6836.111111111111,53.56,2.047400611620795
1.43,27.52,15.53,7148.888888888889,55.519999999999996,2.0174418604651163
1.9,35.6,5.8,7820.555555555556,56.7,1.5926966292134832
2.8,38.2,6.8,7692.777777777777,52.199999999999996,1.3664921465968585
2.2,35.7,16.4,6732.222222222222,45.7,1.280112044817927
2.7,38.0,5.3,7743.888888888889,54.0,1.4210526315789473
1.9,40.4,12.3,7220.0,45.4,1.1237623762376239
2.4,40.7,6.7,7712.777777777777,50.199999999999996,1.2334152334152333
3.3,37.8,5.8,7720.0,53.1,1.4047619047619049
1.8,33.6,17.5,6743.888888888889,47.099999999999994,1.401785714285714
2.2,39.6,7.1,7659.444444444444,51.099999999999994,1.2904040404040402
2.88,37.0,3.22,7782.777777777777,56.9,1.537837837837838
3.48,36.55,14.5,6817.222222222222,45.47,1.2440492476060192
4.91,31.08,25.11,5610.0,38.900000000000006,1.251608751608752
1.21,27.58,11.0,7563.333333333333,60.21,2.183103698332125
0.97,28.71,12.21,7346.666666666666,58.11,2.024033437826541
1.52,37.76,5.81,7781.111111111111,54.910000000000004,1.4541843220338986
5.76,32.32,13.1,6521.111111111111,48.82,1.510519801980198
4.75,34.6,12.56,6882.222222222222,48.089999999999996,1.3898843930635836
1.56,30.24,16.78,7020.0,51.42,1.7003968253968256
7.21,30.92,8.43,6879.444444444444,53.44,1.7283311772315653
3.25,37.52,6.07,7507.222222222222,53.16,1.4168443496801704
1.52,28.92,11.9,7396.666666666666,57.66,1.9937759336099583
1.36,35.33,10.23,7444.444444444444,53.08,1.502405887347863
1.54,34.97,5.66,7930.0,57.83,1.6537031741492707
2.03,29.49,7.66,7780.555555555556,60.82,2.062394031875212
3.19,26.03,14.02,7120.0,56.76,2.180560891279293
2.48,24.1,11.68,7386.111111111111,61.739999999999995,2.5618257261410786
3.23,23.15,17.78,6651.111111111111,55.84,2.4120950323974086
3.08,25.05,12.3,7275.0,59.57,2.3780439121756487
2.23,21.26,9.68,7608.888888888889,66.83,3.1434619002822197
1.96,20.08,5.29,8170.0,72.67,3.6190239043824706
4.34,19.68,8.77,7497.222222222222,67.21000000000001,3.4151422764227646
2.74,20.69,6.06,7945.555555555556,70.50999999999999,3.4079265345577565
3.55,22.48,9.75,7542.222222222222,64.22,2.856761565836299
5.1,23.12,9.48,7297.777777777777,62.3,2.6946366782006916
2.2,25.4,8.46,7780.0,63.94,2.5173228346456695
3.35,27.69,11.16,7349.444444444444,57.8,2.087396171903214
2.65,22.77,14.4,7232.777777777777,60.18,2.642951251646904
1.33,20.08,16.3,7072.777777777777,62.29,3.1020916334661357
4.0,41.19,3.77,7454.444444444444,51.040000000000006,1.2391357125515905
5.14,37.32,6.68,6855.555555555556,50.86,1.362808145766345
4.25,40.2,3.96,7422.777777777777,51.589999999999996,1.2833333333333332
3.59,37.68,8.08,7147.777777777777,50.65,1.3442144373673035
4.68,40.19,5.31,7289.444444444444,49.82000000000001,1.2396118437422248
4.95,37.36,6.51,7121.666666666666,51.18,1.369914346895075
2.51,34.67,10.39,7286.666666666666,52.43,1.51225843668878
1.77,37.94,8.51,7503.888888888889,51.78,1.3647865050079073
1.96,37.52,8.06,7476.666666666666,52.459999999999994,1.3981876332622598
3.23,37.52,10.59,6927.222222222222,48.66,1.2969083155650318
1.04,33.77,7.43,7849.444444444444,57.76,1.710393840687
1.3,32.61,7.69,7731.666666666666,58.4,1.7908616988653787
1.28,34.98,5.21,7944.444444444444,58.53,1.6732418524871358
1.65,32.21,16.18,6858.888888888889,49.96,1.5510710959329401
2.69,38.19,3.94,7786.666666666666,55.18,1.4448808588635769
8.2,35.57,7.43,6640.555555555556,48.8,1.3719426482991284
1.39,37.36,14.01,7090.0,47.24,1.2644539614561028
1.59,37.42,6.61,7528.333333333333,54.379999999999995,1.4532335649385353
3.78,36.54,5.2,7497.222222222222,54.480000000000004,1.490968801313629
2.14,37.52,3.26,7904.444444444444,57.08,1.521321961620469
1.56,39.24,5.37,7761.111111111111,53.83,1.3718144750254841
1.3,34.86,8.4,7725.555555555556,55.44,1.5903614457831325
1.3,30.83,11.54,7376.666666666666,56.33,1.8271164450210835
2.98,38.18,3.11,7666.111111111111,55.730000000000004,1.459664745940283
2.97,36.06,8.78,7129.444444444444,52.19,1.4473100388241817
2.8,35.62,10.23,6997.222222222222,51.35,1.4416058394160585
2.89,38.02,8.28,7185.0,50.809999999999995,1.3364018937401365
2.55,36.75,10.16,7081.666666666666,50.54,1.3752380952380951
2.7,37.6,6.51,7522.777777777777,53.19,1.414627659574468
3.86,35.22,4.17,7618.333333333333,56.75,1.6113003975014197
3.88,36.85,7.05,7311.111111111111,52.22,1.4170963364993214
5.97,34.38,10.58,6708.333333333333,49.06999999999999,1.4272833042466548
6.72,33.53,7.8,7002.777777777777,51.95,1.5493587831792426
6.0,34.46,7.11,7081.666666666666,52.43,1.5214741729541497
1.7,24.44,5.55,8100.555555555556,68.31,2.7950081833060554
1.5,24.73,16.49,6978.888888888889,57.28,2.3162151233319856
1.34,22.71,18.29,6850.0,57.66,2.5389696169088505
3.61,38.78,3.41,7675.555555555556,54.2,1.3976276431150079
1.95,26.02,11.2,7441.111111111111,60.83,2.337817063797079
1.07,21.32,13.01,7423.333333333333,64.6,3.0300187617260783
1.13,21.3,10.09,7726.111111111111,67.48,3.168075117370892
14.52,42.67,15.53,4912.777777777777,27.28,0.6393250527302554
13.2,40.42,18.8,4770.555555555556,27.58,0.6823354774863928
2.5,40.1,10.1,7260.555555555556,47.3,1.1795511221945136
2.1,31.8,17.6,6676.666666666666,48.5,1.5251572327044025
2.5,29.5,22.8,6129.444444444444,45.2,1.5322033898305085
1.8,30.1,21.9,6368.333333333333,46.2,1.5348837209302326
1.3,37.1,16.7,6862.222222222222,44.9,1.210242587601078
1.6,34.3,18.7,6678.888888888889,45.400000000000006,1.3236151603498545
1.9,36.5,10.8,7377.777777777777,50.8,1.391780821917808
2.2,32.0,18.9,6605.555555555556,46.900000000000006,1.4656250000000002
2.1,31.2,15.0,6993.333333333333,51.7,1.6570512820512822
1.8,28.5,26.2,5848.888888888889,43.5,1.5263157894736843
2.4,28.7,22.4,6229.444444444444,46.5,1.6202090592334495
6.9,34.4,4.4,7562.222222222222,54.3,1.5784883720930232
6.1,37.7,7.7,7364.444444444444,48.5,1.286472148541114
1.4,31.3,16.9,6952.777777777777,50.400000000000006,1.610223642172524
1.6,29.0,16.7,6941.111111111111,52.7,1.817241379310345
2.8,34.0,18.0,6556.111111111111,45.2,1.3294117647058825
2.2,36.2,11.5,7194.444444444444,50.099999999999994,1.383977900552486
2.2,36.9,8.8,7485.555555555556,52.1,1.4119241192411924
2.0,34.3,13.8,7028.333333333333,49.900000000000006,1.4548104956268224
2.2,36.4,6.2,7746.666666666666,55.2,1.5164835164835166
2.2,37.2,5.2,7858.888888888889,55.4,1.4892473118279568
1.8,31.9,16.6,6852.222222222222,49.7,1.5579937304075238
2.8,40.5,11.2,7148.888888888889,45.5,1.123456790123457
2.2,33.0,15.9,6701.666666666666,48.9,1.4818181818181817
2.8,34.4,12.7,7027.222222222222,50.1,1.4563953488372094
2.2,36.8,11.8,7186.666666666666,49.2,1.3369565217391306
2.0,37.9,14.6,6907.222222222222,45.5,1.200527704485488
2.9,38.0,8.5,7373.888888888889,50.6,1.3315789473684212
1.27,24.12,5.54,8107.222222222222,69.07,2.8635986733001655
1.32,24.56,20.43,6690.555555555556,53.69,2.186074918566775
1.35,30.82,5.72,8014.444444444444,62.11,2.015249837767683
1.44,29.04,7.11,7996.666666666666,62.41,2.1491046831955924
2.58,29.22,8.44,7633.888888888889,59.760000000000005,2.04517453798768
2.03,30.59,4.12,8145.0,63.26,2.0679960771493953
4.98,44.12,8.7,6866.666666666666,42.2,0.9564823209428832
7.41,33.22,14.31,6170.0,45.06,1.3564118001204095
7.23,38.13,14.03,6249.444444444444,40.61,1.065040650406504
4.94,35.74,22.89,5570.0,36.42999999999999,1.0193060996082817
8.65,35.6,12.36,6273.888888888889,43.39,1.2188202247191011
9.11,38.36,5.4,6818.333333333333,47.13,1.2286235662148073
6.34,38.46,12.23,6478.333333333333,42.97,1.1172646905876233
5.26,39.82,14.37,6365.0,40.55,1.0183324962330487
5.28,37.59,15.8,6227.777777777777,41.33,1.0994945464219206
8.08,33.45,18.11,5820.555555555556,40.36,1.2065769805680118
1.71,28.44,4.64,8077.777777777777,65.21000000000001,2.2928973277074545
1.41,29.37,10.9,7487.222222222222,58.32,1.985699693564862
1.59,31.93,4.68,8086.111111111111,61.8,1.9354838709677418
1.8,31.73,8.82,7596.666666666666,57.65,1.8168925307280175
4.4,36.4,9.6,7048.333333333333,49.6,1.3626373626373627
3.5,34.4,15.1,6620.0,47.0,1.3662790697674418
3.3,32.6,19.3,6253.888888888889,44.8,1.3742331288343557
3.7,38.8,6.2,7484.444444444444,51.300000000000004,1.3221649484536084
3.4,39.3,13.3,6839.444444444444,44.0,1.1195928753180662
3.77,38.26,4.27,7655.555555555556,53.7,1.4035546262415057
1.98,26.72,6.83,7823.333333333333,64.47,2.412799401197605
1.55,33.65,5.99,7898.333333333333,58.81,1.747696879643388
1.63,27.46,4.93,7980.0,65.97999999999999,2.402767662053896
2.05,32.25,6.63,7811.111111111111,59.07,1.8316279069767443
3.18,42.37,6.0,7410.555555555556,48.45,1.1434977578475338
3.36,39.42,6.31,7395.555555555556,50.91,1.291476407914764
3.02,37.66,11.48,6891.111111111111,47.84,1.270313329792884
1.98,37.99,12.61,7006.111111111111,47.42,1.2482232166359568
4.31,43.38,3.83,7483.888888888889,48.48,1.1175656984785614
2.44,37.62,6.63,7448.333333333333,53.31,1.4170653907496014
2.83,37.81,10.13,7055.555555555556,49.23,1.3020364982808779
5.07,33.94,7.19,7073.333333333333,53.8,1.5851502651738363
5.29,38.95,4.48,7247.777777777777,51.28,1.3165596919127085
1.6,34.2,17.9,6676.111111111111,46.3,1.3538011695906431
2.0,32.7,14.1,6969.444444444444,51.199999999999996,1.565749235474006
3.7,38.2,3.0,7869.444444444444,55.099999999999994,1.4424083769633504
1.9,36.5,10.9,7311.666666666666,50.7,1.3890410958904111
2.9,40.4,6.9,7635.0,49.8,1.2326732673267327
1.8,33.2,21.6,6370.0,43.39999999999999,1.3072289156626502
2.5,33.2,16.2,6799.444444444444,48.099999999999994,1.4487951807228914
2.5,34.4,8.7,7536.666666666666,54.400000000000006,1.5813953488372094
2.7,33.8,12.1,7190.0,51.400000000000006,1.5207100591715978
2.3,32.1,18.7,6665.0,46.9,1.4610591900311525
2.6,29.6,12.3,7192.222222222222,55.5,1.875
2.1,30.0,15.7,6892.777777777777,52.2,1.74
4.4,35.2,12.8,6851.111111111111,47.599999999999994,1.352272727272727
4.6,39.8,5.4,7561.111111111111,50.2,1.2613065326633168
5.8,35.7,3.7,7612.222222222222,54.8,1.5350140056022408
2.7,38.4,11.2,7162.777777777777,47.7,1.2421875000000002
2.0,29.9,18.2,6650.555555555556,49.900000000000006,1.6688963210702343
2.0,28.9,20.7,6418.333333333333,48.400000000000006,1.674740484429066
1.9,32.0,11.5,7296.111111111111,54.6,1.70625
2.5,36.2,8.7,7473.333333333333,52.599999999999994,1.453038674033149
0.66,22.55,19.21,6731.666666666666,57.58,2.5534368070953435
0.76,22.57,17.4,7030.555555555556,59.269999999999996,2.6260522817899865
1.31,31.86,6.02,7915.555555555556,60.81,1.908662900188324
2.06,25.59,16.19,6725.0,56.16,2.1946072684642437
1.92,36.8,7.37,7609.444444444444,53.910000000000004,1.4649456521739133
1.42,34.9,8.38,7610.0,55.3,1.5845272206303724
0.94,25.1,20.83,6682.777777777777,53.129999999999995,2.116733067729083
5.46,35.82,3.03,7497.777777777777,55.69,1.554718034617532
4.32,40.72,4.68,7461.666666666666,50.28,1.2347740667976426
3.3,39.68,11.96,6881.111111111111,45.06,1.135584677419355
4.48,39.42,6.76,7176.111111111111,49.339999999999996,1.2516489091831555
2.16,32.95,8.29,7494.444444444444,56.599999999999994,1.7177541729893775
1.4,35.78,3.91,8127.777777777777,58.91,1.6464505310229176
3.81,34.61,14.42,6690.555555555556,47.16,1.3626119618607337
3.36,32.97,14.2,6723.888888888889,49.47,1.500454959053685
3.04,37.11,11.51,7008.333333333333,48.34,1.3026138507140934
3.34,39.74,7.97,7283.333333333333,48.95,1.231756416708606
2.72,33.19,19.1,6405.0,44.99,1.3555287737270263
6.57,43.28,8.38,6791.111111111111,41.769999999999996,0.9651109057301293
1.07,35.8,16.1,6948.333333333333,47.03,1.313687150837989
2.83,21.74,12.65,6971.666666666666,62.78,2.8877644894204235
1.3,26.2,14.17,7143.333333333333,58.33,2.2263358778625952
1.38,21.18,13.02,7432.222222222222,64.42,3.0415486307837583
3.17,28.04,7.34,7696.666666666666,61.45,2.1915121255349503
4.08,28.57,5.28,7845.555555555556,62.07,2.1725586279313966
3.26,29.31,8.95,7561.111111111111,58.480000000000004,1.9952234732173322
2.67,31.98,4.43,7938.888888888889,60.92,1.9049405878674173
2.68,28.68,6.73,7783.888888888889,61.91,2.158647140864714
2.86,33.05,2.04,8227.222222222223,62.050000000000004,1.877458396369138
2.73,30.93,6.47,7835.0,59.870000000000005,1.93566117038474
2.18,30.81,6.29,7927.222222222222,60.72,1.9707887049659203
2.4,31.07,4.31,8078.333333333333,62.22,2.0025748310267137
2.36,28.96,17.82,6788.888888888889,50.86,1.7562154696132597
2.54,32.22,5.3,7932.222222222222,59.94,1.8603351955307263
3.79,34.83,4.93,7705.555555555556,56.45,1.6207292563881712
6.38,35.8,4.39,7443.333333333333,53.43000000000001,1.4924581005586595
3.32,43.88,4.47,7718.888888888889,48.33,1.1014129443938012
3.37,37.8,11.54,7022.222222222222,47.290000000000006,1.2510582010582014
5.69,38.47,4.22,7456.111111111111,51.620000000000005,1.3418247985443204
6.23,34.34,8.12,7045.0,51.309999999999995,1.4941758881770526
6.4,36.16,2.02,7572.777777777777,55.42,1.532632743362832
4.83,37.02,7.43,7119.444444444444,50.72,1.370070232306861
5.01,36.95,9.04,7055.555555555556,49.0,1.3261163734776724
6.05,30.75,14.33,6471.111111111111,48.870000000000005,1.589268292682927
3.33,39.74,3.12,7835.0,53.809999999999995,1.3540513336688473
2.47,38.96,4.11,7760.0,54.46,1.3978439425051334
3.48,39.53,5.91,7563.333333333333,51.08,1.292183152036428
3.61,39.93,6.81,7446.666666666666,49.65,1.2434259954921112
3.53,39.99,4.14,7730.555555555556,52.339999999999996,1.3088272068017002
2.6,40.29,3.19,7843.888888888889,53.92,1.3382973442541575
14.8,38.16,17.17,4868.888888888889,29.870000000000005,0.7827568134171909
3.55,28.61,14.34,6912.222222222222,53.5,1.869975533030409
1.62,28.07,6.13,7938.888888888889,64.18,2.2864267901674387
2.76,26.97,4.41,7918.888888888889,65.86,2.4419725621060437
2.6,29.17,7.6,7686.666666666666,60.629999999999995,2.0785053136784364
3.4,28.29,2.01,8140.0,66.3,2.3435843054082715
2.22,30.17,6.42,7817.222222222222,61.19,2.0281736824660257
1.76,34.13,18.19,6590.0,45.919999999999995,1.3454438910049806
5.48,35.49,7.46,7129.444444444444,51.56999999999999,1.453085376162299
2.08,39.0,12.89,6975.555555555556,46.03,1.1802564102564104
3.06,36.53,1.65,8046.666666666666,58.76,1.6085409252669038
2.46,42.25,5.44,7806.111111111111,49.85,1.1798816568047337
2.78,38.6,6.98,7531.666666666666,51.64,1.337823834196891
3.38,35.11,9.28,7383.888888888889,52.230000000000004,1.4876103674166905
3.7,34.3,10.31,7207.222222222222,51.69,1.506997084548105
2.37,38.95,5.99,7631.666666666666,52.69,1.352759948652118
2.11,32.85,12.2,7043.333333333333,52.84,1.6085235920852359
3.79,33.04,9.43,7257.777777777777,53.74,1.6265133171912833
1.7,43.9,11.32,7270.555555555556,43.08,0.9813211845102505
2.49,37.66,3.05,8047.222222222222,56.800000000000004,1.508231545406267
1.42,40.93,9.49,7482.222222222222,48.16,1.1766430491082336
2.7,33.11,8.32,7413.333333333333,55.870000000000005,1.687405617638176
1.66,39.31,6.35,7799.444444444444,52.68,1.3401170185703382
2.39,36.47,11.64,7112.222222222222,49.5,1.3572799561283246
3.01,38.57,11.04,7188.333333333333,47.38,1.2284158672543428
2.77,38.38,4.26,7816.111111111111,54.589999999999996,1.42235539343408
2.49,35.41,7.86,7599.444444444444,54.24,1.5317706862468232
2.11,32.68,19.09,6592.777777777777,46.120000000000005,1.4112607099143208
1.52,39.18,3.12,8138.888888888889,56.18,1.4338948443083206
2.41,37.31,8.0,7514.444444444444,52.28,1.4012329134280352
3.48,35.51,4.43,7741.111111111111,56.58,1.593353984793016
2.67,36.22,5.04,7734.444444444444,56.07,1.5480397570403093
1.92,37.0,6.59,7654.444444444444,54.49,1.4727027027027026
2.68,38.17,2.89,7952.777777777777,56.26,1.4739324076499867
1.39,39.12,7.41,7673.888888888889,52.08,1.3312883435582823
1.25,39.41,9.92,7538.333333333333,49.42,1.2539964476021317
1.86,37.21,5.87,7831.666666666666,55.06,1.4797097554420855
2.4,33.48,5.87,7779.444444444444,58.25,1.7398446833930707
1.79,34.68,4.81,7908.333333333333,58.72,1.693194925028835
3.34,38.08,7.46,7392.777777777777,51.120000000000005,1.342436974789916
2.21,35.05,9.32,7343.888888888889,53.42,1.524108416547789
1.99,34.36,4.22,8022.222222222222,59.43,1.729627473806752
2.55,32.1,19.02,6512.222222222222,46.33,1.443302180685358
1.88,38.11,8.92,7507.777777777777,51.09,1.3405930202046707
2.95,32.44,5.64,7683.333333333333,58.97,1.8178175092478424
1.75,35.21,7.93,7597.222222222222,55.11,1.5651803464924736
1.41,37.56,11.02,7407.777777777777,50.01,1.3314696485623
2.89,35.27,4.93,7766.111111111111,56.91,1.6135525942727529
2.95,34.3,4.63,7842.777777777777,58.120000000000005,1.6944606413994172
2.87,36.32,4.29,7794.444444444444,56.519999999999996,1.556167400881057
6.05,35.85,16.02,6062.777777777777,42.08,1.1737796373779636
2.69,34.8,20.04,6239.444444444444,42.47,1.2204022988505747
2.07,40.57,12.12,7062.777777777777,45.24,1.1151096869608086
1.95,38.22,20.47,6307.222222222222,39.36,1.0298273155416013
2.63,37.06,13.05,6861.111111111111,47.26,1.275229357798165
2.79,38.22,15.76,6589.444444444444,43.230000000000004,1.131083202511774
2.27,38.81,14.74,6791.111111111111,44.17999999999999,1.1383664004122647
1.89,42.14,9.19,7342.222222222222,46.78,1.110109159943047
2.31,41.21,8.55,7405.555555555556,47.93,1.163067216694977
2.22,40.75,10.69,7254.444444444444,46.34,1.1371779141104295
6.1,39.19,6.24,7252.222222222222,48.47,1.236795100791018
9.52,37.37,3.84,6998.333333333333,49.27,1.3184372491303187
3.75,41.68,7.65,7321.666666666666,46.92,1.1257197696737045
3.44,39.02,4.78,7738.333333333333,52.76,1.3521271143003586
2.07,28.42,24.38,5994.444444444444,45.129999999999995,1.587966220971147
2.65,35.46,2.1,8150.555555555556,59.79,1.6861252115059222
2.77,35.15,2.68,7958.333333333333,59.4,1.689900426742532
3.34,34.52,2.44,7898.888888888889,59.699999999999996,1.7294322132097333
2.1,34.61,14.21,6900.555555555556,49.08,1.4180872580179138
2.6,35.16,8.85,7428.333333333333,53.39,1.5184869169510808
1.89,36.48,6.34,7758.333333333333,55.290000000000006,1.5156250000000002
1.62,32.75,11.88,7299.444444444444,53.75,1.6412213740458015
1.53,37.36,4.04,7944.444444444444,57.07,1.5275695931477515
1.69,37.89,4.02,8028.888888888889,56.4,1.4885193982581155
1.43,38.37,14.0,7105.555555555556,46.2,1.2040656763096171
1.45,40.53,4.04,8069.444444444444,53.98,1.3318529484332593
1.86,23.25,15.26,7145.0,59.629999999999995,2.5647311827956987
5.74,28.16,6.71,7346.666666666666,59.39,2.1090198863636362
4.12,26.17,12.4,7116.111111111111,57.31,2.1899121131066104
2.01,40.62,11.69,7084.444444444444,45.68000000000001,1.1245691777449536
2.25,36.44,15.06,6712.222222222222,46.25,1.2692096597145994
3.1,36.35,6.06,7385.0,54.489999999999995,1.4990371389270976
2.04,39.47,8.21,7400.0,50.28,1.2738788953635674
0.84,26.58,10.71,7515.555555555556,61.870000000000005,2.3276899924755456
3.14,36.31,7.26,7386.666666666666,53.29,1.4676397686587717
6.51,29.25,13.29,6466.666666666666,50.95,1.741880341880342
3.9,29.62,15.09,6885.555555555556,51.39,1.7349763673193788
5.9,26.28,22.3,5943.888888888889,45.519999999999996,1.7321156773211566
2.59,38.51,8.77,7388.333333333333,50.13,1.301739807842119
2.31,36.8,11.21,7195.555555555556,49.68,1.35
2.94,36.57,6.31,7571.111111111111,54.18,1.4815422477440525
3.6,32.46,8.26,7564.444444444444,55.68,1.7153419593345656
4.99,34.56,7.33,7430.555555555556,53.12,1.5370370370370368
3.15,34.1,12.72,6913.888888888889,50.03,1.4671554252199412
4.59,33.0,16.5,6435.0,45.91,1.3912121212121211
3.57,30.05,3.98,7947.777777777777,62.4,2.076539101497504
5.09,29.87,8.38,7399.444444444444,56.66,1.8968865082022095
4.89,29.62,9.44,7212.222222222222,56.05,1.8923024983119512
3.04,30.09,10.13,7220.0,56.739999999999995,1.885676304420073
4.09,30.76,4.57,7804.444444444444,60.58,1.9694408322496748
5.09,29.94,4.28,7754.444444444444,60.69,2.027054108216433
2.47,35.71,11.14,7192.777777777777,50.68,1.4192103052366283
2.86,35.05,7.22,7556.666666666666,54.870000000000005,1.5654778887303855
4.49,36.23,11.18,6887.222222222222,48.1,1.327629036709909
3.04,38.46,6.82,7588.888888888889,51.68,1.343733749349974
4.83,30.55,7.19,7519.444444444444,57.43,1.8798690671031095
3.25,36.11,11.91,7042.222222222222,48.730000000000004,1.349487676543894
4.76,33.21,7.87,7292.222222222222,54.16,1.6308340861186388
2.84,36.58,12.73,7051.111111111111,47.85,1.3080918534718426
3.2,35.63,7.05,7598.888888888889,54.12,1.518944709514454
3.62,34.34,13.72,6788.888888888889,48.31999999999999,1.407105416423995
5.23,30.56,2.05,7804.444444444444,62.160000000000004,2.0340314136125657
10.64,28.76,1.89,6848.333333333333,58.709999999999994,2.0413769123783028
4.55,34.23,2.84,7872.222222222222,58.38,1.7055214723926382
3.64,27.37,18.13,6452.777777777777,50.86,1.8582389477530141
3.36,33.88,7.04,7476.666666666666,55.72,1.6446280991735536
3.26,33.03,12.16,7175.555555555556,51.55,1.560702391765062
3.49,34.65,19.47,6355.555555555556,42.39,1.2233766233766235
3.09,36.28,5.65,7582.222222222222,54.98,1.5154355016538037
2.16,37.81,10.91,7236.666666666666,49.12,1.2991272150224806
4.9,35.78,6.29,7402.222222222222,53.03,1.4821129122414756
2.74,36.75,11.74,7138.888888888889,48.769999999999996,1.3270748299319728
3.84,35.13,6.87,7471.666666666666,54.16,1.5417022487902077
3.18,31.71,10.65,7256.666666666666,54.46,1.7174392935982339
2.75,34.02,6.07,7627.222222222222,57.16,1.6801881246325687
2.6,35.09,4.96,7945.555555555556,57.349999999999994,1.6343687660302078
2.13,33.98,4.46,8038.333333333333,59.43000000000001,1.7489699823425549
2.18,34.75,7.45,7748.333333333333,55.62,1.6005755395683452
1.85,31.13,10.78,7468.888888888889,56.24,1.8066174108576936
2.09,33.19,7.45,7842.777777777777,57.27,1.7255197348598978
1.96,30.92,5.46,8050.555555555556,61.66,1.9941785252263904
1.98,28.56,8.52,7728.888888888889,60.94,2.13375350140056
1.64,26.58,15.22,7058.888888888889,56.56,2.1279157261098574
2.08,23.88,14.27,7230.0,59.769999999999996,2.502931323283082
1.6,23.34,25.78,6112.222222222222,49.28,2.1113967437874894
1.66,23.15,23.61,6340.0,51.58,2.2280777537796976
1.83,33.64,11.4,7387.777777777777,53.129999999999995,1.5793697978596908
2.11,34.02,4.88,8001.111111111111,58.989999999999995,1.7339800117577893
2.16,35.05,2.58,8205.0,60.21,1.7178316690442228
1.46,35.19,6.78,7952.777777777777,56.57,1.6075589656152318
1.16,33.07,9.4,7845.0,56.37,1.7045660719685514
1.47,28.84,10.12,7651.666666666666,59.57,2.0655339805825244
1.6,27.94,4.71,8065.0,65.75,2.3532569792412312
1.4,27.96,14.27,7191.666666666666,56.37,2.0160944206008584
1.63,24.79,15.16,7158.333333333333,58.42,2.356595401371521
1.59,22.33,26.78,6017.222222222222,49.3,2.207792207792208
4.24,32.47,3.35,7984.444444444444,59.94,1.8460117031105636
4.48,32.66,6.91,7457.222222222222,55.95,1.7131047152480101
6.92,35.35,3.41,7498.888888888889,54.32,1.5366336633663367
7.61,25.59,8.52,7014.444444444444,58.28,2.277452129738179
3.48,35.17,9.63,7318.333333333333,51.72,1.4705715098094967
4.5,26.02,8.13,7347.222222222222,61.35,2.3578016910069177
4.19,34.13,6.89,7448.333333333333,54.79,1.6053325520070318
2.72,29.69,7.94,7657.777777777777,59.65,2.009093971034018
9.74,26.47,13.14,5856.111111111111,50.65,1.9134869663770306
3.66,36.41,4.87,7710.555555555556,55.06,1.512221917055754
4.45,34.8,3.29,7792.222222222222,57.46,1.6511494252873564
5.17,33.82,17.3,6384.444444444444,43.71,1.2924305144884685
3.71,28.01,11.73,7058.333333333333,56.55,2.018921813637986
4.79,28.71,14.84,6522.222222222222,51.66,1.799373040752351
3.83,37.87,3.92,7703.333333333333,54.38,1.435965143913388
7.71,35.41,7.35,6897.222222222222,49.53,1.3987574131601244
5.9,35.07,1.74,7679.444444444444,57.29,1.6335899629312802
12.23,31.32,6.23,6413.888888888889,50.22,1.603448275862069
12.76,34.14,7.06,6412.777777777777,46.04,1.348564733450498
10.0,31.97,2.0,7139.444444444444,56.03,1.752580544260244
6.74,38.03,3.24,7300.555555555556,51.989999999999995,1.3670786221404152
3.46,32.25,12.77,6843.333333333333,51.519999999999996,1.5975193798449612
3.61,31.68,14.13,6896.666666666666,50.58,1.596590909090909
2.64,32.78,5.8,7846.111111111111,58.78,1.7931665649786455
2.03,36.33,9.11,7428.333333333333,52.53,1.4459124690338565
2.6,36.17,7.46,7433.333333333333,53.769999999999996,1.4865910975946917
3.01,36.28,7.07,7416.111111111111,53.64,1.4785005512679161
2.52,31.65,12.19,7192.222222222222,53.64,1.69478672985782
2.98,33.31,7.48,7616.666666666666,56.23,1.688081657160012
4.52,32.39,4.2,7764.444444444444,58.89,1.8181537511577648
2.86,29.98,11.41,7258.888888888889,55.75,1.8595730486991326
8.47,29.55,8.03,6733.333333333333,53.95,1.8257191201353637
8.29,27.44,17.9,6151.666666666666,46.370000000000005,1.6898688046647232
3.74,28.78,10.53,7211.666666666666,56.95,1.9788047255038221
3.47,29.16,7.11,7638.333333333333,60.26,2.0665294924554183
2.27,35.56,23.21,6057.777777777777,38.959999999999994,1.0956130483689537
2.21,40.11,12.59,6988.888888888889,45.09,1.12415856394914
2.25,36.74,18.33,6470.0,42.68,1.1616766467065867
2.49,35.48,14.27,6838.333333333333,47.760000000000005,1.3461104847801582
2.81,37.53,11.76,6956.111111111111,47.9,1.2763122835065281
2.51,34.87,11.06,7092.222222222222,51.56,1.4786349297390309
2.51,38.06,6.18,7580.555555555556,53.25,1.3991066736731477
4.05,36.35,9.49,6964.444444444444,50.11,1.378541953232462
4.84,36.19,6.59,7227.222222222222,52.38,1.4473611494888092
2.35,39.34,11.25,7176.111111111111,47.059999999999995,1.1962379257752922
1.8,35.53,10.62,7206.666666666666,52.05,1.4649591894173937
2.22,38.72,5.51,7710.555555555556,53.55,1.3830061983471074
2.16,34.89,7.55,7500.555555555556,55.4,1.587847520779593
3.98,34.66,12.33,6726.666666666666,49.03,1.414598961338719
4.67,37.81,6.26,7269.444444444444,51.26,1.355725998413118
3.25,34.7,15.57,6581.111111111111,46.48,1.3394812680115271
4.36,33.12,14.37,6535.0,48.150000000000006,1.4538043478260871
2.34,28.68,4.35,7896.666666666666,64.63,2.253486750348675
2.35,33.25,13.88,6847.777777777777,50.519999999999996,1.5193984962406013
1.96,35.83,8.57,7442.777777777777,53.64,1.4970694948367291
1.91,35.39,4.4,7926.111111111111,58.3,1.6473580107374963
2.42,29.98,25.56,5824.444444444444,42.040000000000006,1.4022681787858575
1.9,37.81,5.57,7676.111111111111,54.72,1.4472361809045224
2.23,37.89,7.61,7401.666666666666,52.269999999999996,1.3795196621799946
2.47,34.6,2.8,7841.111111111111,60.129999999999995,1.7378612716763004
1.96,32.26,3.23,7974.444444444444,62.550000000000004,1.9389336639801615
1.82,31.32,5.85,7802.222222222222,61.01,1.947956577266922
1.91,31.73,2.74,8112.222222222222,63.62,2.005042546485975
2.31,36.26,3.02,7932.222222222222,58.410000000000004,1.6108659680088253
1.97,40.12,4.34,7842.777777777777,53.57,1.3352442671984048
2.7,34.75,8.97,7357.222222222222,53.58,1.5418705035971223
2.65,39.23,5.31,7622.222222222222,52.81,1.3461636502676524
2.08,39.13,5.15,7727.777777777777,53.64,1.3708152312803474
2.1,33.46,14.49,6814.444444444444,49.95,1.492827256425583
2.37,35.0,13.02,6848.888888888889,49.61,1.4174285714285715
2.25,23.07,9.78,7568.888888888889,64.9,2.813177286519289
1.41,29.24,17.32,6875.0,52.03,1.7794117647058825
2.1,32.43,3.31,8068.333333333333,62.16,1.9167437557816835
1.91,33.57,6.31,7792.222222222222,58.21,1.7339886803693774
1.57,31.27,3.07,8221.666666666666,64.09,2.049568276303166
1.88,33.15,3.48,8121.111111111111,61.49,1.8549019607843138
1.86,29.69,5.36,7972.777777777777,63.089999999999996,2.1249578982822497
2.38,34.22,5.89,7683.888888888889,57.510000000000005,1.680596142606663
1.41,29.15,7.38,7847.222222222222,62.06,2.128987993138937
3.2,27.93,6.49,7764.444444444444,62.379999999999995,2.23344074471894
1.9,32.74,5.05,7973.888888888889,60.31,1.8420891875381795
1.49,39.47,6.32,7803.333333333333,52.72,1.335697998479858
2.47,34.88,14.27,6830.555555555556,48.379999999999995,1.3870412844036695
2.41,37.08,10.47,7212.222222222222,50.04,1.3495145631067962
3.24,38.42,10.64,7085.555555555556,47.699999999999996,1.2415408641332637
2.6,39.72,7.17,7419.444444444444,50.510000000000005,1.2716515609264856
1.94,41.54,11.67,7083.888888888889,44.85,1.0796822339913337
4.29,35.04,11.65,6946.666666666666,49.019999999999996,1.398972602739726
2.46,42.68,5.49,7626.666666666666,49.37,1.1567478912839737
11.37,30.51,10.01,5425.555555555556,48.11,1.5768600458865945
3.09,31.22,14.39,6698.888888888889,51.3,1.6431774503523382
2.63,35.58,10.02,7185.0,51.77,1.4550309162450816
3.04,34.14,11.87,6882.222222222222,50.95,1.4923842999414179
3.06,33.67,13.42,6748.333333333333,49.849999999999994,1.4805464805464803
5.39,29.88,9.77,6555.555555555556,54.96,1.8393574297188755
2.65,32.37,13.68,6758.333333333333,51.300000000000004,1.5848007414272478
2.82,31.41,12.89,6817.777777777777,52.879999999999995,1.6835402737981533
2.24,40.19,16.07,6636.111111111111,41.5,1.0325951729285892
2.78,32.38,12.33,6831.666666666666,52.51,1.6216800494132178
2.0,38.01,15.65,6686.111111111111,44.34,1.1665351223362275
2.56,37.47,13.27,6858.888888888889,46.7,1.2463303976514546
2.64,40.15,8.65,7275.0,48.56,1.2094645080946451
2.38,39.49,10.15,7122.777777777777,47.98,1.214991136996708
2.53,38.6,11.56,6928.888888888889,47.31,1.2256476683937825
2.53,31.06,14.56,6682.222222222222,51.85,1.6693496458467483
2.35,32.62,13.72,6932.222222222222,51.31,1.572961373390558
1.89,34.17,8.16,7615.0,55.78,1.6324261047702662
1.71,32.3,23.48,5950.0,42.510000000000005,1.3160990712074305
2.22,34.32,9.15,7465.555555555556,54.31,1.5824592074592074
2.62,32.46,15.14,6801.666666666666,49.78,1.5335797905113986
2.3,32.58,6.88,7686.666666666666,58.24,1.7875997544505833
2.57,32.84,6.15,7792.777777777777,58.44,1.7795371498172958
2.64,32.83,3.19,7924.444444444444,61.34,1.868413036856534
2.76,36.93,17.38,6543.888888888889,42.93,1.1624695369618196
10.71,27.62,17.65,4977.777777777777,44.019999999999996,1.5937726285300504
3.6,35.04,5.2,7445.0,56.16,1.6027397260273972
2.53,34.45,10.46,7182.777777777777,52.559999999999995,1.5256894049346876
2.15,33.62,5.56,7721.111111111111,58.67,1.7450922070196313
2.26,36.88,4.06,7810.555555555556,56.8,1.5401301518438175
2.38,31.23,19.34,6338.333333333333,47.05,1.5065642010886966
1.92,34.7,11.19,7214.444444444444,52.19,1.5040345821325647
1.97,35.24,3.89,7892.777777777777,58.9,1.6713961407491487
2.02,36.89,1.95,7956.666666666666,59.14,1.6031444835998916
2.18,37.23,9.53,7327.222222222222,51.06,1.371474617244158
2.22,36.53,10.13,7226.111111111111,51.12,1.3993977552696413
2.27,35.36,27.02,5580.0,35.349999999999994,0.9997171945701356
2.35,37.96,9.4,7264.444444444444,50.29,1.3248155953635405
5.23,33.44,17.85,6027.777777777777,43.480000000000004,1.300239234449761
1.85,35.97,18.81,6386.666666666666,43.370000000000005,1.2057269947178206
1.94,33.44,21.39,6109.444444444444,43.230000000000004,1.292763157894737
1.93,40.88,10.44,7186.666666666666,46.75,1.1435909980430528
2.02,38.43,17.89,6566.111111111111,41.66,1.0840489201144938
1.64,38.33,9.28,7328.888888888889,50.75,1.324028176363162
3.26,36.57,18.77,6201.666666666666,41.4,1.1320754716981132
1.43,40.62,14.9,6894.444444444444,43.05,1.0598227474150665
3.65,38.37,10.17,7022.777777777777,47.81,1.2460255407870733
3.26,37.7,6.65,7366.666666666666,52.39,1.389655172413793
11.44,29.87,13.05,5763.333333333333,45.64,1.527954469367258
1.79,39.16,7.85,7515.555555555556,51.2,1.307456588355465
4.38,40.65,8.36,6905.0,46.61,1.1466174661746618
2.5,44.43,6.76,7497.777777777777,46.31,1.0423137519693901
3.47,40.33,6.85,7403.888888888889,49.35,1.2236548475080586
3.96,35.83,11.83,6826.111111111111,48.38,1.3502651409433437
1.17,28.06,13.1,7333.333333333333,57.67,2.0552387740555953
0.75,28.88,11.49,7565.555555555556,58.88,2.038781163434903
2.92,32.19,7.85,7217.222222222222,57.040000000000006,1.7719788754271517
2.46,35.95,9.91,7147.777777777777,51.67999999999999,1.437552155771905
2.03,32.22,13.48,6992.777777777777,52.27,1.6222842954686532
1.73,35.72,10.34,7351.111111111111,52.21,1.4616461366181412
2.56,33.98,7.91,7438.888888888889,55.550000000000004,1.634785167745733
2.61,30.16,15.28,6709.444444444444,51.95,1.722480106100796
2.99,37.97,5.82,7468.888888888889,53.22,1.4016328680537267
2.23,37.18,11.67,7016.666666666666,48.92,1.315761161915008
1.5,31.8,8.17,7738.333333333333,58.53,1.840566037735849
1.05,30.96,6.41,7921.666666666666,61.58,1.989018087855297
1.38,30.92,2.33,8239.444444444443,65.37,2.1141655886157826
1.28,31.06,3.97,8135.0,63.69,2.050547327752737
6.98,33.02,2.58,6840.0,57.419999999999995,1.7389460932768017
3.26,32.07,2.08,7812.222222222222,62.59,1.9516682257561584
2.07,43.97,2.17,8103.333333333333,51.79,1.1778485330907438
2.5,35.14,3.54,7813.888888888889,58.82,1.6738759248719408
1.79,38.63,11.15,7140.0,48.42999999999999,1.253688842868237
1.99,33.09,11.48,7147.777777777777,53.44,1.61498942278634
3.43,35.65,11.22,6941.666666666666,49.7,1.3941093969144462
3.28,40.0,9.18,7108.888888888889,47.54,1.1885
2.13,39.81,11.95,7034.444444444444,46.11,1.1582516955538809
1.74,38.64,14.73,6842.777777777777,44.89,1.1617494824016563
4.9,26.3,12.36,6377.777777777777,56.44,2.1460076045627376
1.79,32.29,13.06,6827.222222222222,52.86,1.6370393310622484
4.21,30.86,6.77,7142.222222222222,58.16,1.8846403110823071
1.62,32.21,2.23,8088.888888888889,63.94,1.9850977957156162
2.41,31.86,9.13,7131.666666666666,56.6,1.7765222849968614
11.33,31.09,3.42,6062.777777777777,54.16,1.7420392409134768
2.19,36.38,7.93,7264.444444444444,53.5,1.4705882352941175
1.93,33.97,8.63,7389.444444444444,55.47,1.6329113924050633
4.28,35.14,7.19,7046.666666666666,53.39,1.5193511667615254
1.04,33.11,9.55,7596.111111111111,56.3,1.7003926306251886
1.35,31.36,15.08,6991.666666666666,52.21,1.664859693877551
1.74,31.73,4.13,7921.666666666666,62.4,1.9665931295304129
1.33,33.49,10.65,7343.333333333333,54.53,1.628247237981487
9.41,28.3,9.16,5903.888888888889,53.129999999999995,1.8773851590106005
1.49,29.66,18.97,6593.333333333333,49.88,1.6817262306136211
1.66,33.18,8.75,7467.222222222222,56.41,1.7001205545509341
0.86,34.88,3.06,8232.777777777777,61.199999999999996,1.7545871559633024
0.82,33.69,2.5,8280.0,62.99,1.869694271297121
0.73,35.69,2.08,8290.555555555555,61.5,1.7231717567946205
0.91,35.21,6.8,7763.333333333333,57.08,1.6211303606929848
0.86,34.88,4.52,8058.333333333333,59.739999999999995,1.7127293577981648
0.92,32.5,5.48,7929.444444444444,61.1,1.8800000000000001
1.07,36.37,1.67,8323.333333333334,60.89,1.6741820181468245
0.86,35.31,1.43,8351.111111111111,62.4,1.7672047578589634
1.05,36.03,2.34,8219.444444444443,60.58,1.681376630585623
1.05,35.01,10.64,7431.666666666666,53.3,1.5224221650956868
1.65,30.72,6.66,7693.888888888889,60.97,1.9847005208333333
1.9,35.65,10.25,7171.111111111111,52.2,1.4642356241234222
1.6,33.19,25.39,5818.333333333333,39.82,1.199758963543236
1.76,40.27,8.46,7430.555555555556,49.51,1.229451204370499
1.42,31.69,23.66,6080.0,43.230000000000004,1.364152729567687
2.43,44.83,10.69,6942.222222222222,42.050000000000004,0.9379879544947581
9.77,35.46,8.62,6159.444444444444,46.15,1.3014664410603496
3.42,40.49,9.5,7022.777777777777,46.589999999999996,1.1506544825882932
6.57,32.49,11.62,6473.333333333333,49.32,1.518005540166205
5.46,39.72,5.63,6927.222222222222,49.19,1.2384189325276937
7.13,33.95,9.02,6751.666666666666,49.9,1.4698085419734903
4.94,35.85,12.46,6603.333333333333,46.75,1.304044630404463
4.08,35.57,9.77,6991.111111111111,50.58,1.4219848186674162
2.22,36.41,12.68,7080.555555555556,48.690000000000005,1.3372699807745128
2.53,33.74,17.75,6581.666666666666,45.98,1.3627741553052755
2.7,36.51,7.01,7567.222222222222,53.78,1.4730210901122982
3.02,30.91,23.03,6028.333333333333,43.04,1.3924296344225169
1.78,39.61,14.26,7170.555555555556,44.35,1.1196667508204998
3.03,38.95,3.35,7926.666666666666,54.669999999999995,1.4035943517329907
2.2,35.8,23.85,6160.0,38.150000000000006,1.0656424581005588
4.43,38.78,11.39,6776.111111111111,45.4,1.1707065497679214
3.25,43.13,5.51,7504.444444444444,48.11,1.115464873637839
3.55,37.16,9.1,7125.0,50.190000000000005,1.3506458557588807
3.18,45.67,7.88,7233.888888888889,43.269999999999996,0.9474490913072038
4.56,39.52,9.79,6825.555555555556,46.129999999999995,1.1672570850202426
5.77,35.97,10.44,6733.333333333333,47.82,1.329441201000834
4.62,36.95,9.48,6935.0,48.949999999999996,1.324763193504736
5.65,34.8,8.27,6947.777777777777,51.28,1.4735632183908047
4.64,35.28,9.24,6861.111111111111,50.84,1.4410430839002268
6.77,38.03,2.86,7331.666666666666,52.34,1.3762818827241652
13.45,29.26,2.35,6326.666666666666,54.94,1.8776486671223511
5.46,37.13,3.49,7483.888888888889,53.92,1.45219499057366
3.57,39.81,9.87,7046.111111111111,46.75,1.1743280582768147
4.37,41.32,5.49,7400.555555555556,48.82,1.1815101645692159
5.74,34.14,5.28,7191.111111111111,54.84,1.6063268892794378
4.38,39.54,6.85,7212.222222222222,49.230000000000004,1.2450682852807284
4.6,37.5,5.94,7290.555555555556,51.96,1.3856
5.18,38.78,3.87,7389.444444444444,52.17,1.3452810727178959
6.3,35.39,7.79,6975.555555555556,50.519999999999996,1.4275218988414806
5.82,35.51,9.69,6948.333333333333,48.980000000000004,1.3793297662630246
2.37,41.35,8.1,7396.666666666666,48.18,1.1651753325272067
2.15,38.58,17.8,6533.333333333333,41.47,1.0749092794193884
7.19,36.42,9.27,6694.444444444444,47.12,1.2937946183415705
3.55,36.26,5.89,7492.222222222222,54.300000000000004,1.497517926089355
2.95,35.64,11.77,7050.555555555556,49.64,1.3928170594837261
2.95,37.22,9.51,7240.555555555556,50.32,1.3519613111230522
3.47,33.87,15.84,6453.888888888889,46.82000000000001,1.3823442574549751
2.16,38.08,16.8,6496.111111111111,42.96,1.1281512605042017
2.29,38.65,16.99,6616.111111111111,42.07000000000001,1.088486416558862
1.5,38.04,11.61,7353.888888888889,48.85,1.284174553101998
2.14,40.85,13.28,6856.666666666666,43.73,1.070501835985312
2.29,36.25,21.86,6131.111111111111,39.6,1.0924137931034483
2.09,40.65,12.57,6931.666666666666,44.69,1.0993849938499385
5.39,34.35,7.02,7098.333333333333,53.239999999999995,1.5499272197962153
4.77,33.19,11.24,6889.444444444444,50.800000000000004,1.5305815004519436
2.46,35.31,12.81,6975.555555555556,49.42,1.3996035117530443
2.3,37.99,18.49,6337.777777777777,41.22,1.0850223743090286
3.18,38.96,12.57,6755.0,45.29,1.1624743326488707
2.2,40.0,16.71,6643.888888888889,41.09,1.02725
4.63,41.34,9.03,6909.444444444444,45.0,1.0885341074020318
2.49,47.09,13.73,6742.222222222222,36.69,0.7791463155659375
2.31,42.34,11.19,7033.333333333333,44.16,1.04298535663675
2.8,40.1,10.82,6980.0,46.28,1.1541147132169576
2.73,38.28,15.24,6712.777777777777,43.75,1.142894461859979
10.39,34.68,6.14,6572.222222222222,48.79,1.406862745098039
6.49,35.04,20.6,5701.111111111111,37.87,1.0807648401826484
8.42,37.22,3.01,7140.555555555556,51.35,1.379634605051048
3.91,37.96,16.14,6391.666666666666,41.989999999999995,1.1061643835616437
6.66,31.76,11.04,6382.777777777777,50.54,1.5913098236775818
4.2,35.04,14.0,6457.777777777777,46.760000000000005,1.334474885844749
1.55,29.54,8.42,7679.444444444444,60.49,2.0477318889641167
1.12,33.07,7.72,7810.555555555556,58.09,1.7565769579679469
1.18,34.21,4.44,8092.222222222222,60.17,1.7588424437299035
2.74,40.88,13.63,6721.111111111111,42.75,1.0457436399217221
2.57,40.91,9.81,7138.888888888889,46.71,1.141774627230506
2.33,37.6,17.73,6502.777777777777,42.339999999999996,1.1260638297872338
4.04,39.51,6.44,7111.666666666666,50.010000000000005,1.2657555049354596
4.3,39.46,10.2,6762.222222222222,46.04,1.166751140395337
3.83,37.68,12.99,6572.222222222222,45.5,1.2075371549893843
3.65,37.17,11.11,6707.222222222222,48.07,1.2932472423997847
6.59,41.08,6.12,7132.777777777777,46.21,1.1248782862706914
3.95,36.63,22.09,5953.333333333333,37.33,1.019110019110019
5.57,39.98,8.46,6994.444444444444,45.99,1.1503251625812907
5.51,32.56,25.21,5438.888888888889,36.72,1.1277641277641277
5.11,42.38,8.26,7022.222222222222,44.25,1.0441245870693723
3.95,44.38,11.26,6875.555555555556,40.41,0.9105452906714735
3.99,40.96,17.27,6335.0,37.78,0.92236328125
5.29,39.24,11.34,6703.888888888889,44.129999999999995,1.124617737003058
4.32,40.84,12.48,6607.222222222222,42.36,1.0372184133202742
6.02,37.95,11.94,6541.666666666666,44.089999999999996,1.1617918313570486
5.6,32.46,20.55,5898.888888888889,41.39,1.2751078250154035
4.37,41.12,8.56,7035.0,45.95,1.1174610894941637
2.23,38.33,9.22,7262.222222222222,50.22,1.3102008870336552
4.69,38.65,9.68,6991.666666666666,46.980000000000004,1.215523932729625
5.62,33.02,4.14,7529.444444444444,57.22,1.7328891580860082
1.15,37.26,3.32,8189.444444444444,58.27,1.5638754696725712
2.09,35.47,7.3,7653.333333333333,55.14,1.5545531435015507
2.08,34.8,7.0,7681.666666666666,56.120000000000005,1.61264367816092
17.74,27.56,4.83,5745.555555555556,49.870000000000005,1.8095065312046446
1.84,31.95,8.82,7621.666666666666,57.39,1.7962441314553992
7.04,35.17,8.12,6928.888888888889,49.67,1.4122831959056013
4.27,41.14,14.89,6572.777777777777,39.7,0.9649975692756442
4.32,41.52,10.11,6923.888888888889,44.05,1.0609344894026973
5.98,40.46,7.53,7102.777777777777,46.03,1.1376668314384577
5.69,39.14,11.83,6536.666666666666,43.34,1.1073071027082269
4.8,36.58,14.29,6523.888888888889,44.33,1.2118644067796611
4.88,36.86,15.78,6361.111111111111,42.480000000000004,1.1524688008681498
4.57,40.56,8.94,7023.888888888889,45.93,1.1323964497041419
5.49,35.42,10.33,6865.0,48.76,1.3766233766233764
4.66,31.12,10.7,7126.666666666666,53.519999999999996,1.7197943444730075
2.62,30.0,20.23,6484.444444444444,47.15,1.5716666666666665
1.98,36.09,7.22,7693.888888888889,54.709999999999994,1.5159323912441116
1.93,38.39,7.73,7652.222222222222,51.95,1.3532169835894765
1.37,34.94,12.24,7292.777777777777,51.45,1.4725243274184319
1.55,38.94,16.89,6771.111111111111,42.620000000000005,1.0945043656908064
1.47,36.97,20.34,6378.333333333333,41.22,1.1149580741141467
0.93,33.43,7.24,7828.333333333333,58.4,1.7469338917140294
0.95,26.65,13.85,7275.0,58.550000000000004,2.1969981238273926
6.33,28.79,12.59,6819.444444444444,52.29,1.8162556443209448
0.97,25.53,20.6,6587.777777777777,52.9,2.072072072072072
1.39,28.71,20.39,6527.777777777777,49.51,1.724486241727621
1.06,32.08,8.84,7615.555555555556,58.02,1.8086034912718207
1.01,29.79,14.44,7140.0,54.760000000000005,1.8382007385028536
1.27,29.07,17.77,6756.666666666666,51.89,1.78500171998624
1.16,19.7,14.67,7157.222222222222,64.47,3.2725888324873096
1.46,21.0,14.12,7225.555555555556,63.42,3.02
1.49,20.33,11.72,7498.888888888889,66.46000000000001,3.2690605017215946
1.41,22.27,7.48,7879.444444444444,68.84,3.091154018859452
1.96,36.38,9.83,7394.444444444444,51.83,1.4246838922484881
7.43,34.04,13.8,6273.333333333333,44.730000000000004,1.3140423031727382
6.14,36.11,14.19,6377.222222222222,43.56,1.2063140404320134
3.41,41.05,7.9,7237.777777777777,47.64,1.1605359317904995
4.17,39.0,6.83,7286.111111111111,50.0,1.2820512820512822
4.03,38.45,9.95,6937.222222222222,47.56999999999999,1.2371911573472039
4.3,38.06,10.07,6942.777777777777,47.56999999999999,1.249868628481345
3.36,37.52,12.15,6962.777777777777,46.97,1.2518656716417909
3.49,39.42,10.67,7006.666666666666,46.42,1.1775748351090818
4.79,33.0,13.36,6570.0,48.85,1.4803030303030305
7.84,39.88,7.93,6793.888888888889,44.349999999999994,1.1120862587763287
7.85,34.6,21.21,5622.777777777777,36.339999999999996,1.0502890173410404
7.25,38.53,10.51,6622.777777777777,43.71,1.1344406955618997
6.49,42.04,8.67,6893.888888888889,42.8,1.0180780209324451
8.92,32.49,22.22,5298.888888888889,36.37,1.11942136041859
9.94,33.72,12.34,6027.777777777777,44.0,1.3048635824436536
9.74,37.34,7.87,6492.777777777777,45.05,1.2064809855382965
7.08,36.05,17.5,5843.333333333333,39.370000000000005,1.092094313453537
9.18,36.73,10.0,6431.111111111111,44.09,1.2003811598148655
7.45,36.59,14.67,6228.333333333333,41.28999999999999,1.1284503962831371
7.87,38.64,12.15,6350.0,41.34,1.0698757763975155
4.54,33.83,27.08,4971.111111111111,34.55000000000001,1.0212828850133022
8.63,35.83,13.35,6223.333333333333,42.19,1.1775048841752722
10.7,36.06,12.42,6100.555555555556,40.82,1.132002218524681
7.7,37.78,15.31,6104.444444444444,39.209999999999994,1.0378507146638432
9.37,35.62,12.81,6141.111111111111,42.2,1.1847276810780463
8.21,33.55,21.68,5471.666666666667,36.56,1.0897168405365127
2.7,34.09,7.42,7623.888888888889,55.78999999999999,1.636550308008213
2.37,36.01,9.01,7509.444444444444,52.61,1.4609830602610387
6.93,30.45,3.55,7710.0,59.07,1.9399014778325123
3.18,33.04,3.19,8029.444444444444,60.59,1.8338377723970947
2.59,31.98,3.43,8047.222222222222,62.0,1.9387116948092558
3.13,32.49,8.06,7571.666666666666,56.31999999999999,1.7334564481378882
1.83,32.8,12.28,7415.0,53.09,1.61859756097561
1.7,37.62,5.9,7859.444444444444,54.78,1.456140350877193
2.02,34.17,9.64,7489.444444444444,54.17,1.5853087503658179
1.84,34.83,11.64,7342.222222222222,51.69,1.4840654608096469
4.48,32.55,6.91,7575.0,56.06,1.7222734254992322
9.41,28.6,5.69,6634.444444444444,56.3,1.9685314685314683
7.49,34.34,18.72,5848.333333333333,39.449999999999996,1.1488060570762957
5.2,37.23,19.38,5983.888888888889,38.190000000000005,1.0257856567284451
5.0,39.48,15.93,6365.555555555556,39.59,1.0027862208713274
6.41,41.8,6.24,7123.888888888889,45.550000000000004,1.0897129186602872
7.53,37.27,11.06,6495.0,44.14,1.1843305607727395
9.81,36.95,8.04,6603.888888888889,45.199999999999996,1.223274695534506
7.11,36.09,14.78,6313.888888888889,42.019999999999996,1.164311443613189
6.57,32.92,21.46,5640.0,39.05,1.186208991494532
10.24,36.82,8.63,6577.777777777777,44.31,1.2034220532319393
9.61,30.39,15.87,5948.888888888889,44.13,1.452122408687068
6.34,41.37,11.93,6570.555555555556,40.36,0.9755861735557168
7.84,35.29,10.78,6562.222222222222,46.09,1.3060357041654862
9.54,31.34,11.74,6376.111111111111,47.379999999999995,1.5118059987236756
7.53,38.05,11.12,6549.444444444444,43.300000000000004,1.1379763469119581
9.68,35.79,13.67,6037.777777777777,40.86,1.1416596814752724
8.19,38.21,7.7,6767.777777777777,45.9,1.2012562156503532
3.83,37.64,25.35,5421.111111111111,33.18000000000001,0.8815090329436771
5.14,39.13,13.35,6487.222222222222,42.379999999999995,1.0830564784053154
6.4,38.46,16.68,6074.444444444444,38.46,1.0
6.16,39.14,11.59,6664.444444444444,43.11,1.101430761369443
4.51,36.4,21.25,5925.0,37.84,1.0395604395604396
5.8,37.14,13.3,6438.333333333333,43.76,1.178244480344642
4.9,38.14,13.93,6498.888888888889,43.03,1.128211851074987
6.43,40.22,8.85,6780.0,44.5,1.1064147190452511
8.61,33.57,17.28,5713.888888888889,40.54,1.207625856419422
8.46,38.89,8.24,6711.666666666666,44.41,1.1419388017485215
5.63,35.23,18.79,5972.777777777777,40.35000000000001,1.145330684076072
5.48,37.7,18.38,6003.888888888889,38.44,1.019628647214854
4.79,42.11,9.94,6845.0,43.16,1.0249346948468296
6.47,33.7,20.63,5838.333333333333,39.2,1.1632047477744807
9.22,33.93,3.88,7070.555555555556,52.97,1.5611553197760095
7.4,30.96,26.14,5210.0,35.5,1.146640826873385
8.27,36.78,10.05,6493.888888888889,44.9,1.2207721587819467
5.8,35.71,15.1,6393.333333333333,43.39,1.2150658078969476
3.43,36.23,19.63,6281.666666666666,40.71000000000001,1.123654430030362
5.87,37.51,14.69,6446.111111111111,41.93000000000001,1.1178352439349508
7.87,32.64,21.52,5532.222222222222,37.97,1.163296568627451
12.03,34.8,5.74,6585.555555555556,47.43000000000001,1.362931034482759
2.4,33.32,11.12,7383.333333333333,53.16,1.595438175270108
3.29,29.2,15.22,6920.0,52.29,1.7907534246575343
2.82,28.18,20.45,6558.888888888889,48.55,1.7228530872959544
3.85,29.66,16.91,6736.111111111111,49.58,1.6716115981119353
5.44,26.45,20.68,6191.111111111111,47.43,1.793194706994329
1.6,33.54,25.56,5983.333333333333,39.3,1.1717352415026834
1.99,39.96,8.39,7446.111111111111,49.66,1.2427427427427427
2.45,38.28,4.83,7797.777777777777,54.44,1.4221525600835945
1.56,36.26,13.76,7041.111111111111,48.42,1.3353557639271927
3.32,34.2,4.48,7735.555555555556,58.0,1.6959064327485378
4.11,30.53,9.68,7161.666666666666,55.68,1.8237798886341303
5.01,36.25,5.69,7383.888888888889,53.05,1.4634482758620688
2.91,38.19,7.33,7442.777777777777,51.57,1.3503534956794974
2.85,39.39,8.0,7476.666666666666,49.76,1.2632647880172632
4.52,33.64,11.79,6843.888888888889,50.05,1.4878121284185493
2.27,39.69,9.39,7350.0,48.650000000000006,1.2257495590828926
5.11,35.17,5.81,7382.222222222222,53.91,1.5328404890531702
2.69,23.4,11.51,7366.111111111111,62.400000000000006,2.666666666666667
1.5,40.23,8.51,7572.777777777777,49.760000000000005,1.2368878946060156
1.81,37.97,10.6,7291.111111111111,49.620000000000005,1.3068211746115357
4.13,37.26,6.32,7471.111111111111,52.290000000000006,1.4033816425120775
4.75,34.47,7.17,7327.777777777777,53.61,1.55526544821584
2.12,38.8,7.48,7529.444444444444,51.6,1.329896907216495
2.92,33.23,17.74,6587.222222222222,46.11000000000001,1.3876015648510385
2.34,38.62,14.48,6913.888888888889,44.56,1.1538063179699638
2.57,37.19,10.17,7295.0,50.07,1.3463296585103524
2.33,39.5,6.96,7588.888888888889,51.21,1.2964556962025318
2.21,39.27,8.54,7478.333333333333,49.98,1.2727272727272725
2.28,36.3,17.12,6698.888888888889,44.3,1.2203856749311295
1.4,37.69,8.65,7542.222222222222,52.260000000000005,1.3865746882462193
1.52,39.91,11.04,7245.0,47.53,1.1909295915810576
1.5,25.99,7.67,7735.555555555556,64.84,2.494805694497884
1.23,25.46,13.83,7148.333333333333,59.48,2.336213668499607
1.3,25.25,15.59,7041.111111111111,57.86,2.2914851485148513
1.17,23.78,15.72,7020.0,59.33,2.4949537426408743
0.69,24.97,3.48,8377.777777777777,70.86,2.837805366439728
8.18,24.43,4.26,6504.444444444444,63.13,2.584117887842816
0.95,27.54,3.63,8285.555555555555,67.88,2.4647785039941903
0.85,26.63,3.8,8270.0,68.72,2.5805482538490425
1.03,30.39,4.63,8106.111111111111,63.95,2.104310628496216
2.88,26.16,17.45,6480.0,53.510000000000005,2.045489296636086
0.74,26.45,7.58,7828.888888888889,65.23,2.466162570888469
1.12,31.47,1.95,8370.0,65.46000000000001,2.080076263107722
1.56,33.76,3.88,8013.333333333333,60.800000000000004,1.8009478672985784
1.3,31.12,5.22,8013.333333333333,62.36,2.0038560411311055
1.3,27.81,11.43,7412.777777777777,59.46,2.1380798274002157
1.4,28.83,4.07,8155.0,65.7,2.2788761706555674
3.79,26.2,12.52,6795.555555555556,57.49,2.1942748091603055
1.95,32.81,11.14,7205.0,54.099999999999994,1.6488875342883265
5.31,27.89,3.01,7264.444444444444,63.79,2.2871997131588384
0.85,32.15,5.95,7933.888888888889,61.050000000000004,1.8989113530326596
1.1,29.11,3.36,8192.222222222223,66.43,2.2820336654070768
3.4,28.38,7.9,7312.222222222222,60.32,2.1254404510218463
7.27,26.79,4.14,6709.444444444444,61.8,2.3068309070548714
1.58,31.07,3.55,8090.555555555556,63.8,2.053427743804313
2.25,29.07,11.62,7278.888888888889,57.06,1.9628482972136223
1.96,28.16,11.86,7258.333333333333,58.019999999999996,2.060369318181818
2.59,31.6,11.05,7160.0,54.76,1.7329113924050632
2.3,33.38,9.36,7461.111111111111,54.959999999999994,1.6464949071300177
1.65,28.97,18.12,6578.888888888889,51.260000000000005,1.7694166379012775
3.07,30.71,18.89,6245.555555555556,47.33,1.5411917942038422
2.77,36.4,14.37,6753.888888888889,46.46,1.2763736263736265
3.71,32.56,2.94,7768.888888888889,60.79,1.8670147420147418
1.56,27.81,9.1,7666.666666666666,61.53,2.2125134843581447
2.59,32.4,7.95,7537.777777777777,57.06,1.7611111111111113
2.38,28.23,13.88,6962.222222222222,55.51,1.9663478568898334
1.76,28.38,12.59,7199.444444444444,57.27,2.0179704016913322
8.29,26.25,11.84,5890.555555555556,53.620000000000005,2.042666666666667
1.91,26.36,10.15,7336.111111111111,61.58,2.336115326251897
2.07,26.19,14.48,7016.666666666666,57.26,2.1863306605574646
2.07,25.06,10.07,7428.888888888889,62.8,2.5059856344772546
1.98,34.49,14.2,6967.222222222222,49.33,1.4302696433748912
1.59,24.3,14.1,7163.888888888889,60.01,2.4695473251028806
1.24,26.45,7.28,7943.333333333333,65.03,2.458601134215501
14.48,25.31,6.26,5688.333333333333,53.95,2.131568549980245
2.87,36.72,10.34,7082.222222222222,50.07,1.363562091503268
7.76,26.27,20.56,5521.666666666667,45.41,1.7285877426722496
3.29,32.79,6.34,7438.333333333333,57.58,1.7560231777981092
2.49,28.28,10.87,7384.444444444444,58.36,2.0636492220650635
2.07,26.58,6.94,7829.444444444444,64.41,2.4232505643340856
2.53,24.67,20.26,6356.666666666666,52.53999999999999,2.1297122010539113
2.78,26.68,10.52,7263.888888888889,60.02,2.249625187406297
3.67,25.4,11.71,7128.888888888889,59.22,2.331496062992126
1.61,38.89,9.02,7430.555555555556,50.480000000000004,1.2980200565698123
6.16,34.2,14.02,6518.333333333333,45.62,1.3339181286549706
3.71,40.72,11.46,6903.888888888889,44.11,1.0832514734774068
3.36,39.82,16.3,6546.666666666666,40.519999999999996,1.017579105976896
3.62,37.89,15.41,6638.888888888889,43.08,1.1369754552652414
2.91,37.94,18.3,6416.666666666666,40.85,1.076700052714813
5.11,32.92,8.32,7158.333333333333,53.65,1.6297083839611177
6.03,31.75,1.25,8009.444444444444,60.97,1.9203149606299212
4.24,30.88,6.43,7667.777777777777,58.45,1.8928108808290156
4.41,31.26,11.36,7108.333333333333,52.97,1.6944977607165705
5.23,30.88,10.86,7152.777777777777,53.03,1.7172927461139897
2.17,42.35,4.67,7726.111111111111,50.81,1.1997638724911452
5.48,40.82,9.62,6818.333333333333,44.08,1.0798628123468887
5.78,34.52,17.09,6141.111111111111,42.61,1.2343568945538816
4.3,38.12,16.52,6287.777777777777,41.06,1.0771248688352573
5.48,41.22,6.46,7095.555555555556,46.84,1.136341581756429
6.94,42.66,7.69,6753.888888888889,42.71,1.0011720581340835
6.59,36.4,12.3,6411.666666666666,44.71,1.2282967032967034
4.41,35.0,11.62,6723.333333333333,48.97,1.399142857142857
3.25,37.14,9.36,6930.0,50.25,1.3529886914378029
5.14,39.34,15.5,6254.444444444444,40.019999999999996,1.0172852058973054
7.25,29.7,24.36,5046.666666666667,38.69,1.3026936026936027
4.1,30.42,24.8,5393.888888888889,40.68,1.3372781065088757
3.33,42.37,9.69,7054.444444444444,44.61,1.0528675949964599
3.79,40.49,9.19,6943.333333333333,46.53,1.1491726352185725
6.19,32.65,10.85,6618.888888888889,50.31,1.5408882082695254
0.63,30.13,10.71,7571.666666666666,58.53,1.9425821440424826
2.89,34.37,14.88,6696.111111111111,47.86,1.39249345359325
2.04,40.63,4.03,7874.444444444444,53.3,1.31183854294856
3.16,39.7,7.75,7318.333333333333,49.39,1.244080604534005
5.18,34.58,10.23,7021.666666666666,50.010000000000005,1.4462116830537886
2.81,35.93,11.27,7086.666666666666,49.99,1.3913164486501532
2.17,38.51,13.12,6975.555555555556,46.2,1.1996883926252924
2.4,39.68,10.07,7328.333333333333,47.85,1.205897177419355
3.43,28.8,4.24,8077.777777777777,63.53,2.2059027777777778
16.46,26.16,3.79,5900.0,53.59,2.048547400611621
15.74,27.28,3.53,5962.777777777777,53.45,1.9593108504398826
4.49,32.0,9.63,7312.777777777777,53.879999999999995,1.6837499999999999
3.39,31.62,5.4,7846.111111111111,59.589999999999996,1.8845667299177733
3.38,32.0,2.57,8097.222222222222,62.05,1.9390625
3.81,30.39,7.74,7578.333333333333,58.06,1.9104968739717012
4.09,31.36,3.46,8005.0,61.09,1.9480229591836735
5.07,32.9,14.8,6328.888888888889,47.230000000000004,1.4355623100303954
8.73,27.37,7.65,6282.222222222222,56.25,2.055169894044574
9.38,27.06,5.04,6704.444444444444,58.519999999999996,2.16260162601626
3.37,35.81,10.65,7031.111111111111,50.17,1.4010053057805083
12.26,36.28,4.75,6588.333333333333,46.71,1.2874862183020948
10.89,33.68,8.58,6415.555555555556,46.85,1.3910332541567696
5.95,35.48,11.09,6703.333333333333,47.480000000000004,1.3382187147688842
6.22,35.12,13.22,6313.333333333333,45.44,1.2938496583143508
6.17,40.71,11.14,6663.888888888889,41.98,1.0311962662736427
6.28,32.1,25.5,5206.666666666667,36.12,1.125233644859813
8.37,34.14,20.05,5516.666666666667,37.44,1.0966608084358522
13.05,33.84,10.65,6097.222222222222,42.459999999999994,1.2547281323877066
2.37,38.86,15.34,6747.777777777777,43.43,1.1176016469377252
2.52,37.43,12.0,7093.888888888889,48.05,1.283729628640128
11.89,34.05,9.33,6208.333333333333,44.730000000000004,1.3136563876651985
13.19,30.74,10.1,6093.888888888889,45.97,1.4954456733897203
3.14,41.84,4.51,7752.222222222222,50.51,1.2072179732313575
6.82,35.46,2.3,7618.888888888889,55.42,1.562887760857304
5.68,36.68,8.82,6958.888888888889,48.82,1.3309705561613958
6.83,37.35,14.65,6250.0,41.17,1.1022757697456493
7.79,38.07,9.48,6681.666666666666,44.66,1.1731021801943786
14.9,33.14,9.26,5873.333333333333,42.7,1.2884731442365722
1.35,34.55,10.94,7510.0,53.160000000000004,1.5386396526772796
1.71,33.79,8.84,7606.666666666666,55.66,1.6472329091447173
1.63,31.75,17.89,6822.777777777777,48.730000000000004,1.5348031496062993
1.6,33.88,11.69,7400.555555555556,52.83,1.5593270365997638
6.22,37.96,11.69,6624.444444444444,44.129999999999995,1.1625395152792413
6.68,40.76,6.93,6951.666666666666,45.63,1.1194798822374878
8.0,38.85,7.73,6701.666666666666,45.42,1.1691119691119691
7.17,37.65,13.67,6290.0,41.510000000000005,1.1025232403718461
9.47,35.6,11.56,6168.888888888889,43.37,1.218258426966292
12.41,35.06,10.12,6019.444444444444,42.41,1.2096406160867084
9.57,37.3,7.4,6773.333333333333,45.730000000000004,1.226005361930295
9.66,40.21,2.38,7266.666666666666,47.75,1.187515543397165
9.07,36.85,3.72,7144.444444444444,50.36,1.3666214382632293
9.21,36.52,5.26,6966.111111111111,49.01,1.3420043811610074
9.66,35.63,3.54,7123.333333333333,51.17,1.4361493123772102
4.47,39.9,11.19,6876.111111111111,44.44,1.1137844611528822
16.25,33.3,7.77,5762.222222222222,42.68000000000001,1.281681681681682
3.03,29.34,8.66,7537.222222222222,58.97,2.0098841172460804
4.5,31.26,3.85,7768.333333333333,60.39,1.9318618042226487
1.51,27.1,10.27,7545.555555555556,61.12,2.2553505535055347
5.09,23.44,15.46,6782.222222222222,56.01,2.3895051194539247
3.82,24.43,15.06,6885.0,56.69,2.32050757265657
2.1,34.54,10.81,7301.111111111111,52.55,1.5214244354371742
8.18,29.18,6.06,6998.333333333333,56.58,1.9389993145990403
2.9,33.66,5.61,7726.111111111111,57.830000000000005,1.7180629827688654
6.36,32.33,4.11,7648.888888888889,57.2,1.7692545623260132
3.17,30.06,20.48,6222.222222222222,46.290000000000006,1.539920159680639
2.41,35.15,6.91,7604.444444444444,55.53,1.579800853485064
2.1,33.52,16.0,6762.777777777777,48.379999999999995,1.4433174224343672
2.51,31.29,20.15,6348.888888888889,46.050000000000004,1.4717162032598277
2.94,30.59,15.98,6523.333333333333,50.489999999999995,1.6505393919581561
2.98,31.44,13.18,6862.222222222222,52.4,1.6666666666666665
2.73,34.94,6.19,7619.444444444444,56.14,1.6067544361763024
3.1,34.43,4.54,7742.222222222222,57.93,1.682544292767935
4.0,32.84,8.23,7088.888888888889,54.92999999999999,1.6726552984165648
2.14,36.62,16.63,6705.0,44.61,1.218186783178591
2.21,40.73,7.91,7476.666666666666,49.150000000000006,1.206727228087405
2.33,31.54,24.6,5821.111111111111,41.53,1.3167406467977172
3.06,38.27,16.02,6632.777777777777,42.65,1.1144499608048077
2.2,34.57,6.0,7627.777777777777,57.230000000000004,1.655481631472375
2.38,29.88,13.1,7041.111111111111,54.64,1.8286479250334673
3.09,25.87,15.52,6820.555555555556,55.519999999999996,2.146115191341322
11.15,26.39,4.14,6272.222222222222,58.32,2.209928003031451
10.67,27.92,6.91,6977.222222222222,54.5,1.9520057306590257
4.67,28.78,12.3,6957.777777777777,54.25,1.88498957609451
4.62,25.9,2.68,8056.666666666666,66.8,2.5791505791505793
2.4,22.92,17.9,6727.222222222222,56.78,2.4773123909249564
1.69,27.35,5.41,8026.666666666666,65.55,2.3967093235831807
1.09,25.23,4.07,8271.111111111111,69.61,2.7590170432025367
6.32,21.39,10.13,7238.888888888889,62.16,2.9060308555399716
1.21,21.66,18.86,6921.111111111111,58.269999999999996,2.6902123730378578
1.23,22.45,12.38,7500.0,63.94,2.8481069042316256
1.49,23.33,5.1,8180.555555555556,70.08,3.0038576939562796
1.38,24.71,6.18,8086.111111111111,67.72999999999999,2.740995548360987
2.89,30.69,2.44,8032.777777777777,63.98,2.084718149234278
1.81,28.2,2.31,8188.333333333333,67.68,2.4000000000000004
2.35,29.15,8.18,7630.555555555556,60.32,2.0692967409948544
2.92,27.96,10.97,7387.222222222222,58.15,2.0797567954220315
2.57,28.56,11.62,7340.0,57.25,2.0045518207282913
3.46,31.18,13.95,6680.0,51.41,1.6488133418858242
2.67,37.72,12.48,6990.555555555556,47.13,1.249469777306469
2.98,35.8,12.47,6922.777777777777,48.75,1.361731843575419
3.15,35.38,12.04,6975.0,49.43,1.3971170152628603
3.55,30.74,15.39,6544.444444444444,50.32,1.6369551073519846
8.57,25.21,17.69,5324.444444444444,48.53,1.9250297500991669
2.6,38.08,13.83,6840.0,45.49,1.1945903361344539
3.75,31.02,12.9,6723.333333333333,52.33,1.686976144422953
3.79,32.45,11.58,6880.555555555556,52.17999999999999,1.6080123266563942
3.44,34.48,9.52,7091.111111111111,52.56,1.5243619489559166
4.64,27.65,9.95,6890.555555555556,57.760000000000005,2.088969258589512
4.03,30.89,12.92,6712.222222222222,52.16,1.6885723535124635
3.6,32.72,11.63,6860.555555555556,52.05,1.5907701711491442
3.5,32.01,13.79,6700.555555555556,50.7,1.583880037488285
3.69,36.58,4.15,7540.555555555556,55.58,1.519409513395298
4.79,36.87,12.88,6628.888888888889,45.46,1.232980743151614
6.04,31.54,12.8,6567.777777777777,49.620000000000005,1.5732403297400128
3.2,31.88,20.64,6158.888888888889,44.28,1.3889585947302385
3.67,33.56,11.81,6866.666666666666,50.959999999999994,1.5184743742550653
3.02,36.67,7.05,7393.333333333333,53.26,1.4524134169620941
2.66,30.57,19.72,6266.111111111111,47.05,1.5390906117108274
2.77,36.16,7.43,7410.0,53.64,1.483407079646018
8.42,32.24,9.14,6615.555555555556,50.199999999999996,1.5570719602977665
4.76,34.72,6.08,7221.111111111111,54.44,1.5679723502304148
2.64,38.13,11.5,7037.222222222222,47.73,1.2517702596380802
3.4,38.66,3.6,7668.333333333333,54.34,1.405587170201759
17.17,29.39,7.12,5256.111111111111,46.31999999999999,1.5760462742429395
18.4,36.48,7.06,5570.555555555556,38.06,1.043311403508772
1.5,34.01,24.52,5942.777777777777,39.97,1.1752425757130256
10.09,36.23,8.03,6618.333333333333,45.650000000000006,1.2600055202870553
15.22,31.52,3.71,6599.444444444444,49.55,1.572017766497462
2.61,31.67,5.31,7926.666666666666,60.41,1.9074834227976
3.26,31.4,5.01,7935.555555555556,60.33,1.9213375796178345
2.18,33.51,1.66,8218.333333333334,62.650000000000006,1.8695911668158762
2.87,35.79,3.87,8006.666666666666,57.47,1.6057557977088572
11.14,35.64,12.13,6012.222222222222,41.089999999999996,1.152918069584736
11.36,35.9,2.56,7060.0,50.18,1.3977715877437327
15.56,33.42,6.87,6103.888888888889,44.15,1.3210652304009574
11.87,32.98,11.09,6153.888888888889,44.06,1.3359611885991511
13.91,35.12,5.48,6510.555555555556,45.49,1.2952733485193624
15.18,35.94,12.98,5494.444444444444,35.900000000000006,0.9988870339454649
17.68,36.23,9.88,5595.0,36.21,0.9994479712945075
16.38,31.2,14.2,5310.0,38.22,1.225
17.82,36.2,8.68,5613.333333333333,37.3,1.0303867403314915
16.41,35.29,7.46,5861.111111111111,40.84,1.1572683479739305
15.81,35.15,11.03,5621.111111111111,38.010000000000005,1.0813655761024183
16.39,35.09,7.68,5852.222222222222,40.839999999999996,1.1638643488173266
14.7,31.25,21.0,4898.333333333333,33.05,1.0575999999999999
17.29,35.03,8.12,5687.777777777777,39.56,1.1293177276620041
20.64,32.86,6.83,5211.111111111111,39.67,1.2072428484479611
17.9,36.53,8.15,5690.555555555556,37.42,1.024363536819053
16.82,35.29,5.61,6025.0,42.28,1.1980731085293286
15.76,33.92,14.81,5357.777777777777,35.50999999999999,1.0468749999999998
13.52,33.27,13.62,5591.111111111111,39.589999999999996,1.1899609257589419
15.45,35.11,9.72,5814.444444444444,39.72,1.1313016234690971
18.57,32.81,8.99,5436.666666666667,39.629999999999995,1.2078634562633341
16.02,31.65,11.62,5555.0,40.71,1.2862559241706162
12.56,30.41,24.59,4788.333333333333,32.44,1.0667543571193685
12.11,29.96,23.65,4914.444444444444,34.28,1.144192256341789
13.55,30.6,18.04,5280.0,37.81,1.2356209150326798
11.96,33.05,19.27,5337.222222222222,35.72,1.0807866868381242
12.25,33.75,17.86,5441.666666666667,36.14,1.0708148148148149
12.61,32.83,22.06,5028.333333333333,32.5,0.9899482180932074
12.61,31.83,21.71,5035.555555555556,33.849999999999994,1.0634621426327362
11.52,31.85,22.34,5104.444444444444,34.28999999999999,1.0766091051805335
11.63,30.64,22.91,4837.777777777777,34.81999999999999,1.1364229765013052
13.39,31.56,20.12,5046.666666666667,34.92999999999999,1.106780735107731
14.63,34.27,12.91,5558.888888888889,38.19,1.114385760140064
7.49,33.37,9.05,6949.444444444444,50.09,1.5010488462691043
2.84,37.94,25.13,5959.444444444444,34.09,0.8985239852398526
3.21,34.09,18.86,6419.444444444444,43.839999999999996,1.2860076268700495
2.79,32.48,17.05,6672.222222222222,47.68000000000001,1.467980295566503
3.66,39.78,12.56,6838.333333333333,44.0,1.1060834590246356
7.67,23.13,19.56,5588.333333333333,49.64,2.1461305663640293
6.28,28.96,3.29,7251.666666666666,61.47,2.122582872928177
7.76,25.65,16.23,6388.333333333333,50.36,1.9633528265107214
4.73,27.79,4.42,7715.555555555556,63.06,2.26916156890968
6.19,21.91,14.48,6603.333333333333,57.42,2.6207211319032404
19.94,24.62,6.39,5046.111111111111,49.05,1.9922826969943133
8.27,32.82,22.09,5338.333333333333,36.82,1.1218769043266301
3.64,24.63,19.61,6516.111111111111,52.120000000000005,2.1161185546082018
1.97,31.47,4.86,8023.888888888889,61.7,1.9605973943438197
3.25,29.76,8.75,7450.555555555556,58.239999999999995,1.9569892473118278
2.8,29.28,15.27,6966.666666666666,52.65,1.798155737704918
18.42,37.0,10.77,4887.777777777777,33.81,0.9137837837837839
20.7,34.31,8.25,4834.444444444444,36.739999999999995,1.0708248324103757
16.86,37.72,9.44,5179.444444444444,35.980000000000004,0.9538706256627785
20.25,36.33,9.56,4914.444444444444,33.86,0.9320121112028626
14.11,37.94,11.08,5282.222222222222,36.870000000000005,0.9717975751186085
16.33,39.27,16.83,4886.666666666667,27.569999999999993,0.7020626432391136
12.53,46.05,8.46,5165.555555555556,32.96000000000001,0.7157437567861022
16.36,37.48,8.94,5405.0,37.220000000000006,0.9930629669156886
3.3,34.18,5.45,7826.666666666666,57.07,1.6696898771211235
1.65,31.66,11.81,7323.888888888889,54.879999999999995,1.7334175615919138
1.79,33.09,2.84,8182.777777777777,62.279999999999994,1.882139619220308
1.37,37.85,2.47,8286.666666666666,58.309999999999995,1.540554821664465
2.19,31.27,1.93,8246.666666666666,64.61,2.066197633514551
2.79,28.38,6.91,7746.111111111111,61.92,2.181818181818182
2.63,38.82,10.67,7160.555555555556,47.879999999999995,1.2333848531684697
1.87,32.07,21.91,6222.222222222222,44.15,1.376676021203617
2.39,37.18,16.93,6626.666666666666,43.5,1.1699838622915546
1.39,34.57,15.42,6880.555555555556,48.620000000000005,1.4064217529649987
1.54,42.86,13.58,6942.777777777777,42.019999999999996,0.9804013065795613
2.36,28.4,10.75,7516.666666666666,58.49,2.059507042253521
8.22,27.48,3.37,7312.222222222222,60.93,2.217248908296943
13.17,22.67,11.95,5555.0,52.21,2.303043670048522
3.41,36.3,3.25,8080.0,57.040000000000006,1.5713498622589535
3.81,34.49,1.82,8143.888888888889,59.879999999999995,1.7361554073644532
2.13,38.01,4.92,7925.555555555556,54.940000000000005,1.4454091028676666
2.33,31.73,2.4,8262.222222222223,63.54,2.0025212732429876
2.02,35.56,6.92,7838.888888888889,55.5,1.5607424071991
1.16,23.93,18.81,6870.555555555556,56.1,2.3443376514834937
3.38,39.87,7.58,7397.777777777777,49.17,1.233258088788563
3.06,38.95,9.68,7281.111111111111,48.309999999999995,1.240308087291399
3.47,34.39,13.3,6839.444444444444,48.84,1.4201802849665601
1.8,38.45,17.23,6658.888888888889,42.519999999999996,1.1058517555266578
4.59,27.69,22.15,5901.111111111111,45.57,1.6457204767063922
2.8,34.21,13.45,7022.777777777777,49.54,1.4481145863782519
2.27,37.21,13.57,7039.444444444444,46.95,1.2617575920451491
2.66,29.83,13.44,7138.888888888889,54.07,1.8126047603084146
2.86,31.68,7.86,7576.666666666666,57.6,1.8181818181818183
2.18,34.42,13.42,6923.333333333333,49.98,1.452062754212667
1.78,34.79,10.91,7240.555555555556,52.52,1.5096292037941939
1.18,34.47,9.85,7525.0,54.5,1.5810850014505367
1.43,31.84,20.18,6341.111111111111,46.55,1.461997487437186
1.5,33.66,17.33,6641.666666666666,47.510000000000005,1.4114676173499705
1.6,34.97,13.02,7066.666666666666,50.410000000000004,1.4415213039748358
1.47,33.77,11.13,7273.333333333333,53.629999999999995,1.5880959431448027
3.47,31.81,8.98,7447.222222222222,55.74,1.7522791574976424
3.17,34.23,4.4,7808.888888888889,58.2,1.7002629272567926
6.28,33.36,6.51,7159.444444444444,53.85,1.6142086330935252
3.04,34.34,8.28,7479.444444444444,54.339999999999996,1.5824111822946998
2.17,34.0,10.9,7388.888888888889,52.93,1.5567647058823528
4.07,29.03,25.1,5740.0,41.8,1.4398897692042714
4.03,33.91,20.09,6174.444444444444,41.97,1.237687997640814
3.13,31.1,6.18,7612.222222222222,59.59,1.9160771704180064
5.88,32.67,8.14,7247.222222222222,53.31,1.6317722681359046
1.86,38.19,6.65,7807.777777777777,53.300000000000004,1.3956533123854413
2.47,37.4,7.2,7756.111111111111,52.93,1.41524064171123
2.37,30.95,17.6,6685.555555555556,49.08,1.5857835218093699
2.82,29.51,5.31,7965.0,62.36,2.113181972212809
3.34,32.76,3.72,8005.0,60.18,1.8369963369963371
13.39,24.84,6.21,6503.888888888889,55.56,2.236714975845411
2.88,33.18,3.18,8114.444444444444,60.76,1.8312236286919832
2.96,32.5,3.74,8058.333333333333,60.8,1.8707692307692307
3.2,34.65,5.91,7850.555555555556,56.24,1.6230880230880231
3.21,26.4,22.88,6219.444444444444,47.510000000000005,1.7996212121212125
5.1,39.67,13.18,6651.666666666666,42.05,1.0599949584068564
4.38,37.88,15.74,6393.333333333333,42.0,1.1087645195353748
3.89,42.17,8.92,7115.555555555556,45.019999999999996,1.0675835902300213
5.24,35.08,20.03,5943.333333333333,39.65,1.1302736602052452
3.46,34.79,23.63,5898.333333333333,38.120000000000005,1.095717160103478
3.36,39.34,10.41,7098.333333333333,46.89,1.1919166243009658
3.2,39.33,12.94,6903.888888888889,44.53,1.1322145944571576
3.32,35.93,9.72,7411.666666666666,51.03,1.4202616198163096
2.11,34.9,9.02,7459.444444444444,53.97,1.5464183381088825
2.65,25.99,19.25,6530.0,52.11,2.005001923816853
4.03,19.89,14.35,6891.111111111111,61.730000000000004,3.1035696329813978
5.49,20.09,7.81,7312.777777777777,66.61,3.3155798904927827
5.81,21.72,12.19,6916.111111111111,60.28,2.775322283609577
1.74,21.96,12.09,7494.444444444444,64.21000000000001,2.9239526411657564
2.95,22.3,14.65,7028.888888888889,60.099999999999994,2.6950672645739906
6.32,21.57,14.68,6545.555555555556,57.43,2.662494204914233
1.89,19.9,10.29,7656.111111111111,67.92,3.4130653266331663
5.78,21.31,6.59,7227.777777777777,66.32,3.112153918348193
1.03,27.46,20.66,6487.222222222222,50.849999999999994,1.8517844136926436
2.02,24.53,27.09,5636.666666666667,46.36,1.889930697105585
2.12,29.96,21.74,6255.0,46.18,1.541388518024032
1.33,24.19,18.49,6662.222222222222,55.989999999999995,2.314592806945018
1.48,27.25,8.88,7663.333333333333,62.39,2.2895412844036698
1.85,33.36,14.24,6952.777777777777,50.55,1.5152877697841727
3.38,41.53,8.03,7340.0,47.06,1.1331567541536238
1.21,24.2,6.49,7912.222222222222,68.1,2.8140495867768593
1.44,25.64,5.09,8081.666666666666,67.83,2.645475819032761
3.35,42.41,6.62,7417.222222222222,47.620000000000005,1.1228483848149022
2.75,38.76,14.27,6813.888888888889,44.22,1.1408668730650156
5.27,34.17,17.63,6299.444444444444,42.93,1.2563652326602281
5.09,36.32,8.25,7163.888888888889,50.34,1.3860132158590308
2.02,23.15,10.83,7514.444444444444,64.0,2.764578833693305
2.64,30.29,8.96,7572.777777777777,58.11,1.9184549356223177
4.38,22.03,10.11,7423.888888888889,63.480000000000004,2.881525192918747
6.13,30.1,6.59,7052.222222222222,57.18,1.8996677740863785
1.38,32.19,17.02,6816.111111111111,49.410000000000004,1.5349487418452938
3.68,34.3,8.82,7472.777777777777,53.2,1.5510204081632655
6.95,29.49,9.73,7100.555555555556,53.83,1.825364530349271
2.98,35.43,7.72,7572.222222222222,53.870000000000005,1.5204628845611066
6.24,21.39,11.43,7116.111111111111,60.94,2.8489948574100046
5.13,22.16,11.53,7151.111111111111,61.18,2.7608303249097474
2.95,21.7,12.02,7333.888888888889,63.33,2.918433179723502
1.62,22.65,16.76,7035.0,58.97,2.603532008830022
2.6,23.93,11.44,7450.0,62.03,2.5921437526117845
3.55,23.83,9.7,7449.444444444444,62.92,2.6403692824171214
2.57,21.15,21.65,6492.777777777777,54.63,2.582978723404256
4.26,23.2,17.25,6803.888888888889,55.290000000000006,2.3831896551724143
4.15,25.57,4.54,7692.777777777777,65.74,2.570981619084865
2.56,26.2,14.57,7056.666666666666,56.67,2.1629770992366413
4.29,22.85,8.51,7380.555555555556,64.35,2.8161925601750544
3.29,21.23,5.69,7866.666666666666,69.78999999999999,3.2873292510598207
3.33,29.42,10.38,7314.444444444444,56.87,1.9330387491502377
3.04,31.29,5.74,7808.888888888889,59.93,1.9153084052412912
5.31,26.28,10.52,6948.888888888889,57.89,2.2028158295281584
1.9,26.22,14.46,7197.777777777777,57.42,2.1899313501144166
1.82,31.33,9.61,7631.666666666666,57.24,1.8270028726460263
1.73,31.57,8.43,7703.888888888889,58.269999999999996,1.845739626227431
1.95,29.3,11.1,7431.111111111111,57.65,1.9675767918088736
1.91,30.97,11.3,7292.222222222222,55.82,1.802389409105586
1.62,29.39,10.57,7502.777777777777,58.42,1.9877509356924123
3.29,28.81,11.65,7171.111111111111,56.25,1.9524470669906284
3.03,32.9,1.7,8108.888888888889,62.370000000000005,1.895744680851064
1.68,29.42,9.29,7573.888888888889,59.61,2.0261726716519375
1.57,29.57,9.68,7558.888888888889,59.18,2.001352722353737
1.81,29.62,11.24,7409.444444444444,57.33,1.9355165428764347
1.92,29.15,6.94,7810.555555555556,61.99,2.126586620926244
1.26,25.85,20.3,6558.333333333333,52.589999999999996,2.034429400386847
1.65,30.82,11.2,7359.444444444444,56.33,1.827709279688514
2.65,30.64,11.05,7295.555555555556,55.66,1.8165796344647518
1.41,27.39,20.55,6456.111111111111,50.65,1.8492150419861262
2.48,31.26,7.77,7681.111111111111,58.489999999999995,1.87108125399872
1.79,31.21,9.44,7583.333333333333,57.56,1.844280679269465
2.09,26.46,16.65,6839.444444444444,54.8,2.071050642479214
1.31,21.82,20.73,6683.888888888889,56.14,2.5728689275893677
1.5,29.09,16.81,6907.222222222222,52.6,1.8081815056720523
6.47,24.82,10.17,7172.222222222222,58.54,2.3585817888799356
2.83,31.45,19.09,6474.444444444444,46.629999999999995,1.4826709062003178
4.15,31.14,19.6,6328.333333333333,45.11,1.4486191393705845
2.63,33.79,13.71,7090.0,49.870000000000005,1.4758804379994084
1.75,30.11,10.51,7482.777777777777,57.63,1.9139820657588842
2.09,32.72,6.25,7794.444444444444,58.94,1.8013447432762837
2.43,28.19,4.27,8122.777777777777,65.11,2.30968428520752
1.46,27.77,8.36,7745.0,62.41,2.2473892689953185
1.54,24.89,13.81,7223.888888888889,59.76,2.400964242667738
2.06,31.26,10.13,7468.888888888889,56.55,1.809021113243762
1.73,30.1,10.96,7451.111111111111,57.209999999999994,1.9006644518272422
2.28,35.89,6.95,7696.111111111111,54.879999999999995,1.5291167456115908
1.82,31.72,4.76,7983.333333333333,61.7,1.9451450189155108
1.82,28.69,9.85,7523.888888888889,59.64,2.078773091669571
2.61,37.75,9.11,6993.888888888889,50.53,1.338543046357616
4.85,38.63,2.53,6900.0,53.989999999999995,1.3976184312710327
4.06,32.9,4.7,6901.666666666666,58.34,1.7732522796352586
4.4,31.17,8.52,6367.222222222222,55.91,1.7937119024703239
3.28,40.52,4.16,7202.222222222222,52.04,1.2843040473840077
2.49,39.43,13.77,6773.888888888889,44.31,1.1237636317524728
2.25,42.09,6.36,7692.222222222222,49.3,1.1712995961035875
3.12,32.71,14.07,7045.555555555556,50.099999999999994,1.5316416997859978
1.22,34.49,15.44,6907.777777777777,48.849999999999994,1.416352565961148
3.0,41.4,9.9,7147.222222222222,45.7,1.103864734299517
2.9,44.0,7.8,7361.666666666666,45.3,1.0295454545454545
10.26,36.61,6.91,6291.111111111111,46.22,1.262496585632341
10.13,37.14,5.2,6453.888888888889,47.53,1.2797522886375876
4.65,29.87,19.36,6336.111111111111,46.120000000000005,1.5440241044526282
2.76,33.56,18.14,6566.111111111111,45.54,1.3569725864123956
3.1,34.91,14.26,6816.111111111111,47.730000000000004,1.3672300200515615
1.32,34.82,15.32,6632.222222222222,48.54,1.3940264215967835
0.98,34.73,13.0,7226.666666666666,51.290000000000006,1.4768211920529803
3.15,34.64,11.28,6953.333333333333,50.93,1.4702655889145497
3.08,38.01,12.84,6791.111111111111,46.07,1.2120494606682453
2.71,35.5,14.56,6689.444444444444,47.230000000000004,1.3304225352112677
4.92,41.34,8.47,6789.444444444444,45.269999999999996,1.095065312046444
4.83,33.34,15.64,6218.333333333333,46.19,1.3854229154169164
1.96,34.13,18.68,6323.333333333333,45.23,1.3252270729563431
2.86,34.68,19.54,6165.0,42.92,1.2376009227220302
3.31,42.04,8.88,6835.0,45.769999999999996,1.0887250237868695
2.6,31.04,14.92,6681.111111111111,51.44,1.6572164948453607
1.78,35.32,13.28,7010.555555555556,49.620000000000005,1.4048697621744055
2.29,39.67,9.49,7295.555555555556,48.55,1.2238467355684395
1.86,35.12,12.05,7119.444444444444,50.97,1.4513097949886105
1.7,37.65,8.62,7247.777777777777,52.03,1.3819389110225764
3.15,21.73,14.78,6855.0,60.34,2.776806258628624
1.55,38.94,10.76,7356.111111111111,48.75,1.2519260400616334
2.25,31.75,16.2,6572.222222222222,49.8,1.568503937007874
1.61,29.61,8.79,7661.666666666666,59.99,2.0260047281323876
2.31,32.65,4.68,7941.666666666666,60.36,1.848698315467075
14.57,27.56,8.5,5862.777777777777,49.370000000000005,1.7913642960812775
3.58,36.63,15.76,6639.444444444444,44.03,1.202020202020202
3.0,42.09,8.13,7291.111111111111,46.779999999999994,1.1114278926110712
3.51,37.87,8.05,7223.333333333333,50.57,1.3353578030102984
3.98,37.23,15.29,6593.333333333333,43.5,1.1684125705076551
1.99,36.63,14.51,6965.0,46.87,1.2795522795522793
10.92,31.36,10.62,5846.111111111111,47.1,1.5019132653061225
2.31,38.22,10.82,7267.777777777777,48.65,1.2728937728937728
3.39,34.38,9.46,7160.0,52.769999999999996,1.5349040139616053
2.71,38.86,15.59,6562.777777777777,42.84,1.1024189397838395
3.84,36.76,6.7,7534.444444444444,52.7,1.4336235038084877
1.61,35.83,7.24,7731.111111111111,55.32,1.543957577449065
2.94,29.62,10.47,7254.444444444444,56.97,1.9233625928426739
4.83,39.69,7.49,6867.777777777777,47.99,1.2091206853111616
2.71,29.99,6.66,7725.0,60.64,2.022007335778593
2.78,26.99,12.81,7241.111111111111,57.42,2.127454612819563
2.04,32.48,6.7,7665.555555555556,58.78,1.809729064039409
1.84,31.12,8.61,7627.222222222222,58.43,1.8775706940874035
3.01,34.09,2.78,8010.0,60.12,1.7635670284540919
2.79,30.66,11.02,7346.111111111111,55.53,1.8111545988258317
1.93,30.45,8.43,7685.0,59.19,1.9438423645320198
1.85,26.11,23.69,6198.333333333333,48.349999999999994,1.8517809268479508
6.61,30.15,4.44,7477.222222222222,58.8,1.9502487562189055
2.08,32.75,12.7,7235.0,52.47,1.6021374045801526
2.52,36.14,11.77,7185.0,49.57,1.3716104039845047
1.56,34.68,4.44,8055.0,59.32,1.7104959630911187
4.15,25.27,8.24,7560.555555555556,62.34,2.466956865848833
2.47,31.66,7.77,7575.0,58.1,1.8351231838281743
3.14,36.03,5.94,7632.222222222222,54.89,1.523452678323619
2.29,34.14,8.58,7543.888888888889,54.989999999999995,1.610720562390158
3.13,28.63,7.23,7711.666666666666,61.010000000000005,2.1309814879497035
6.24,29.64,8.11,6940.555555555556,56.01,1.8896761133603237
2.4,32.96,7.24,7690.555555555556,57.4,1.741504854368932
2.74,32.45,6.57,7751.111111111111,58.239999999999995,1.7947611710323572
1.77,31.25,10.78,7456.111111111111,56.2,1.7984
9.21,31.63,10.71,6230.555555555556,48.45,1.5317736326272529
10.33,33.49,12.74,5891.111111111111,43.44,1.2971036130188114
2.74,28.76,16.32,6865.555555555556,52.17999999999999,1.8143254520166896
2.24,32.18,6.9,7717.777777777777,58.68,1.8234928527035426
2.42,34.78,10.4,7271.111111111111,52.4,1.506612995974698
3.64,33.08,7.78,7491.666666666666,55.5,1.6777509068923822
8.81,34.75,9.33,6456.666666666666,47.11,1.35568345323741
2.74,26.96,11.13,7400.555555555556,59.17,2.19473293768546
2.56,31.96,6.95,7822.222222222222,58.53,1.831351689612015
3.56,23.84,8.82,7643.333333333333,63.78,2.6753355704697985
3.03,28.55,11.93,7258.888888888889,56.49,1.9786339754816111
3.61,28.8,6.67,7842.222222222222,60.92,2.1152777777777776
2.39,30.47,4.47,8090.555555555556,62.67,2.0567771578601906
4.6,24.92,16.94,6666.666666666666,53.54,2.1484751203852324
2.45,35.84,12.18,7138.333333333333,49.53,1.3819754464285714
3.83,29.99,15.43,6755.0,50.75,1.6922307435811939
2.59,31.71,8.42,7546.111111111111,57.28,1.8063702302112898
2.74,31.73,7.02,7669.444444444444,58.51,1.8439962180901355
3.2,31.16,10.95,7273.888888888889,54.69,1.755134788189987
4.08,32.68,9.38,7107.222222222222,53.86,1.6481028151774786
4.21,34.99,6.5,7437.777777777777,54.3,1.5518719634181193
3.3,33.86,7.72,7460.555555555556,55.120000000000005,1.6278795038393385
3.26,33.56,8.24,7469.444444444444,54.94,1.637067938021454
2.42,34.32,5.36,7875.555555555556,57.9,1.687062937062937
2.99,33.84,5.57,7825.0,57.599999999999994,1.7021276595744677
3.47,32.87,10.94,7188.333333333333,52.72,1.6038941283845454
1.96,35.54,6.36,7811.666666666666,56.14,1.5796285875070344
3.52,35.72,12.23,6982.222222222222,48.53,1.3586226203807392
3.35,30.09,19.95,6307.222222222222,46.61,1.5490196078431373
2.2,33.34,8.86,7509.444444444444,55.599999999999994,1.6676664667066583
5.1,41.81,10.95,6586.111111111111,42.14,1.0078928486008132
5.55,39.22,13.21,6336.111111111111,42.019999999999996,1.071392146863845
6.52,38.32,13.48,6232.777777777777,41.68,1.0876826722338204
4.75,25.76,9.01,7298.333333333333,60.48,2.3478260869565215
3.34,31.22,5.41,7740.555555555556,60.03,1.9228058936579118
1.96,43.52,4.28,7805.0,50.239999999999995,1.1544117647058822
1.9,40.7,9.1,7298.333333333333,48.3,1.1867321867321865
2.1,38.73,9.57,7408.333333333333,49.6,1.2806609863155178
1.7,23.07,12.67,7223.333333333333,62.56,2.7117468573905508
10.24,31.47,17.18,5530.555555555556,41.11,1.3063234826819192
2.2,38.6,6.54,7459.444444444444,52.66,1.3642487046632124
1.25,34.97,19.67,6319.444444444444,44.11,1.2613668859022018
1.31,21.79,8.64,7778.888888888889,68.25999999999999,3.1326296466268926
1.26,38.6,11.86,7180.555555555556,48.28,1.250777202072539
1.44,24.92,7.22,7824.444444444444,66.42,2.6653290529695024
1.0,25.25,10.28,7520.0,63.47,2.5136633663366337
2.91,20.16,21.46,6383.333333333333,55.47,2.7514880952380953
5.68,24.53,8.77,7063.333333333333,61.019999999999996,2.487566245413779
8.76,22.64,4.57,7085.555555555556,64.03,2.8281802120141344
1.53,30.85,8.25,7675.555555555556,59.37,1.924473257698541
3.48,36.38,5.66,7355.0,54.48,1.4975261132490378
1.32,26.18,12.24,7313.333333333333,60.26,2.3017570664629488
1.04,27.48,10.78,7522.777777777777,60.7,2.2088791848617175
2.06,41.93,8.75,7228.333333333333,47.26,1.1271166229430003
2.71,39.53,7.71,7285.555555555556,50.05,1.2661269921578546
2.98,37.53,6.22,7478.333333333333,53.269999999999996,1.4193978150812683
2.94,40.28,10.73,6918.888888888889,46.05,1.1432472691161866
3.1,26.54,17.02,6648.333333333333,53.34,2.009796533534288
1.69,22.99,11.83,7418.333333333333,63.49,2.76163549369291
2.47,26.12,13.32,7114.444444444444,58.089999999999996,2.2239663093415007
1.23,21.42,13.73,7294.444444444444,63.62,2.9701213818860874
1.41,25.76,2.8,8357.777777777777,70.03,2.718555900621118
2.46,37.87,15.68,6754.444444444444,43.99,1.1616054924742543
1.87,38.31,19.97,6403.888888888889,39.849999999999994,1.0401983816235967
1.5,19.8,15.5,6903.333333333333,63.2,3.191919191919192
2.19,27.35,18.19,6765.0,52.269999999999996,1.9111517367458863
2.2,36.23,19.55,6304.444444444444,42.02,1.1598123102401328
1.5,19.7,6.19,7953.333333333333,72.61,3.685786802030457
2.84,37.29,18.6,6473.888888888889,41.269999999999996,1.1067310270850093
2.4,40.07,18.14,6470.555555555556,39.39,0.9830296980284502
1.12,20.17,5.89,8060.0,72.82,3.6103123450669306
5.31,43.04,10.47,6662.222222222222,41.18,0.9567843866171004
6.04,41.61,7.35,6855.555555555556,45.0,1.0814708002883922
3.51,36.91,11.62,6851.666666666666,47.96000000000001,1.2993768626388515
3.3,31.76,14.46,6965.0,50.48,1.5894206549118386
1.0,21.96,11.31,7573.888888888889,65.72999999999999,2.9931693989071033
7.66,38.18,10.15,6425.0,44.01,1.1526977475117863
10.63,36.9,10.94,5966.111111111111,41.53,1.1254742547425476
2.04,33.11,10.88,7275.0,53.97,1.6300211416490487
5.57,30.07,12.1,6462.222222222222,52.26,1.7379447954772198
3.65,31.19,9.34,7363.888888888889,55.82,1.7896761782622634
2.99,28.91,21.08,6211.111111111111,47.019999999999996,1.6264268419232097
2.47,36.73,11.05,7160.555555555556,49.75,1.3544786278246665
1.83,30.78,15.74,6881.111111111111,51.65,1.6780376868096165
2.05,33.0,16.93,6844.444444444444,48.019999999999996,1.455151515151515
2.2,36.05,8.45,7506.666666666666,53.300000000000004,1.4785020804438282
2.15,36.55,9.95,7330.0,51.35,1.4049247606019153
3.8,29.75,20.65,6085.555555555556,45.8,1.5394957983193276
3.2,36.68,11.83,6976.111111111111,48.29,1.3165212649945475
3.0,35.6,15.65,6580.555555555556,45.75,1.2851123595505618
3.66,32.96,13.41,6650.0,49.97,1.5160800970873787
2.63,33.24,10.09,7187.777777777777,54.04,1.62575210589651
3.02,37.69,10.9,7010.0,48.39,1.2838949323427966
5.98,33.7,21.84,5571.666666666667,38.48,1.1418397626112757
8.77,37.78,10.13,6294.444444444444,43.32,1.146638433033351
7.61,42.19,7.02,6645.0,43.18000000000001,1.023465276131785
5.1,33.1,13.9,6482.222222222222,47.9,1.4471299093655587
5.86,40.09,9.96,6690.555555555556,44.089999999999996,1.0997755051134945
4.51,31.99,11.63,6721.666666666666,51.870000000000005,1.6214442013129104
4.74,40.48,10.76,6765.0,44.02,1.0874505928853757
3.0,29.73,24.83,5794.444444444444,42.44,1.4275142953245878
2.53,34.54,14.13,6902.777777777777,48.8,1.4128546612623045
2.91,33.8,20.91,6124.444444444444,42.38,1.253846153846154
2.54,32.88,23.13,5981.111111111111,41.45,1.2606447688564477
2.73,42.48,8.23,7226.666666666666,46.56,1.096045197740113
2.24,35.59,7.99,7444.444444444444,54.17999999999999,1.5223377353189094
3.4,35.24,13.26,6828.888888888889,48.099999999999994,1.364926220204313
1.4,29.55,20.78,6517.777777777777,48.269999999999996,1.6335025380710657
1.84,33.15,16.86,6702.777777777777,48.150000000000006,1.4524886877828056
1.57,33.23,20.33,6503.333333333333,44.870000000000005,1.350285886247367
4.48,35.15,15.07,6383.333333333333,45.3,1.2887624466571834
2.92,42.23,8.26,7063.333333333333,46.59,1.103244139237509
3.31,43.25,9.82,6999.444444444444,43.62,1.0085549132947977
2.9,34.11,10.63,7051.111111111111,52.36,1.5350337144532396
2.39,32.38,25.04,5622.222222222222,40.19,1.2411982705373685
5.24,37.18,10.63,6722.222222222222,46.95,1.262775685852609
2.63,34.34,14.98,6705.555555555556,48.05,1.3992428654630167
2.78,35.44,11.25,7146.111111111111,50.53,1.4257900677200903
4.44,39.29,8.79,6972.222222222222,47.480000000000004,1.2084499872741157
4.86,34.75,10.08,6759.444444444444,50.31,1.447769784172662
1.7,36.6,18.52,6528.888888888889,43.18,1.1797814207650272
4.1,34.27,13.19,6620.0,48.44,1.4134811788736503
3.39,27.11,4.45,7921.666666666666,65.05,2.399483585392844
6.21,31.99,9.32,6301.111111111111,52.480000000000004,1.6405126602063147
1.51,33.88,10.47,7363.333333333333,54.14,1.5979929161747342
3.14,34.93,7.65,7278.333333333333,54.28,1.5539650730031491
2.17,32.09,4.74,8060.555555555556,61.0,1.9009037083203488
5.68,32.94,8.7,7100.555555555556,52.68000000000001,1.5992714025500914
1.47,28.53,17.47,6939.444444444444,52.53,1.8412197686645635
1.38,37.41,16.09,6850.0,45.120000000000005,1.2060946271050523
3.96,33.35,4.71,7718.333333333333,57.98,1.7385307346326835
3.6,32.74,11.51,7063.333333333333,52.15,1.5928527794746485
2.3,34.13,10.14,7391.666666666666,53.42999999999999,1.565484910635804
3.7,34.35,10.22,6898.333333333333,51.73,1.5059679767103347
3.58,39.29,7.3,7237.222222222222,49.83,1.268261644184271
3.7,36.97,8.59,7001.111111111111,50.74,1.372464160129835
1.93,31.98,10.61,7283.888888888889,55.480000000000004,1.7348342714196374
2.0,32.96,11.96,7203.333333333333,53.08,1.6104368932038835
3.37,28.28,17.33,6279.444444444444,51.019999999999996,1.8041018387553038
3.81,31.84,9.19,7299.444444444444,55.16,1.7324120603015074
2.73,34.73,16.83,6562.222222222222,45.71000000000001,1.3161531816873024
1.52,35.81,8.77,7510.0,53.9,1.5051661547053894
1.56,32.12,22.32,6235.555555555556,44.0,1.3698630136986303
1.54,32.63,11.94,7216.666666666666,53.89,1.6515476555317192
1.71,31.35,15.4,6966.666666666666,51.54,1.6440191387559808
2.12,29.63,15.3,6857.777777777777,52.95,1.7870401619979752
8.77,31.33,13.21,5856.666666666667,46.69,1.4902649218001915
2.89,33.21,15.44,6697.222222222222,48.46,1.4591990364348089
2.07,37.57,6.47,7694.444444444444,53.89,1.4343891402714932
1.75,30.63,6.23,7878.888888888889,61.39,2.0042442050277507
1.59,31.4,8.26,7697.222222222222,58.75,1.871019108280255
1.92,30.32,21.28,6423.333333333333,46.48,1.5329815303430079
17.82,36.66,12.95,4991.666666666667,32.57000000000001,0.8884342607746866
9.2,29.8,4.24,6815.0,56.76,1.9046979865771811
2.08,33.85,14.52,6825.0,49.55,1.4638109305760707
7.81,37.9,8.15,6826.666666666666,46.14,1.2174142480211083
8.32,35.12,9.13,6654.444444444444,47.43,1.3505125284738042
11.79,34.88,9.89,5981.666666666667,43.44,1.2454128440366972
6.94,37.58,12.07,6507.777777777777,43.41,1.1551357104843
2.81,38.28,16.35,6328.888888888889,42.56,1.1118077324973876
1.87,39.22,9.73,7306.666666666666,49.18,1.25395206527282
3.8,31.01,7.93,7508.888888888889,57.26,1.8465011286681714
6.15,33.93,16.43,6153.333333333333,43.49,1.2817565576186267
7.19,31.98,20.33,5741.666666666667,40.5,1.2664165103189493
3.11,34.19,5.97,7813.888888888889,56.730000000000004,1.659257092717169
2.85,34.77,8.9,7371.111111111111,53.48,1.5381075639919468
2.28,30.29,3.75,8115.0,63.68,2.1023440079234073
8.91,33.48,16.29,5688.333333333333,41.32000000000001,1.2341696535244926
10.45,37.13,5.24,6362.222222222222,47.18,1.2706706167519526
4.96,35.23,7.87,7099.444444444444,51.940000000000005,1.4743116661935853
3.21,30.99,5.89,7658.888888888889,59.910000000000004,1.9332042594385288
2.37,34.46,5.8,7723.888888888889,57.37,1.6648287869994196
1.19,32.12,14.51,7041.666666666666,52.18000000000001,1.6245330012453303
3.25,31.51,10.17,7293.333333333333,55.07,1.7476991431291653
4.28,36.22,8.99,6970.0,50.510000000000005,1.3945334069574822
2.81,40.92,13.44,6665.0,42.83,1.0466764418377321
4.84,41.78,7.3,6888.888888888889,46.08,1.102920057443753
3.55,44.26,9.45,6791.666666666666,42.74,0.9656574785359242
2.7,32.97,17.79,6302.222222222222,46.540000000000006,1.4115862905671825
3.95,33.04,15.96,6378.888888888889,47.05,1.4240314769975786
4.85,34.77,19.03,5755.0,41.349999999999994,1.1892436008052916
3.35,36.56,9.74,6939.444444444444,50.349999999999994,1.3771881838074396
2.41,38.43,8.04,7336.111111111111,51.120000000000005,1.3302107728337238
3.05,30.67,14.78,6666.666666666666,51.5,1.6791653081186826
9.57,30.6,7.66,5893.888888888889,52.17,1.7049019607843137
4.36,32.89,6.69,7261.666666666666,56.06,1.7044694435998784
2.19,31.8,10.48,7447.222222222222,55.53,1.7462264150943396
3.01,37.59,20.16,5942.222222222222,39.239999999999995,1.0438946528332
3.61,37.57,14.77,6366.111111111111,44.05,1.1724780409901516
3.18,33.39,2.82,7957.777777777777,60.61,1.815214135968853
2.8,35.55,7.79,7528.888888888889,53.86,1.5150492264416315
2.64,36.65,7.18,7608.333333333333,53.53,1.4605729877216918
2.15,33.9,8.94,7512.222222222222,55.010000000000005,1.6227138643067849
5.01,39.91,11.38,6442.222222222222,43.7,1.0949636682535706
2.19,29.3,4.19,8060.0,64.32,2.1952218430034125
3.37,31.53,7.48,7378.888888888889,57.62,1.8274659054868378
5.57,41.0,9.9,6656.111111111111,43.53,1.0617073170731708
4.88,43.8,7.3,6985.555555555556,44.02,1.0050228310502285
3.12,34.27,10.25,7170.555555555556,52.36,1.5278669390137145
4.53,32.3,18.82,6250.0,44.35,1.3730650154798762
2.58,27.25,7.23,7813.333333333333,62.94,2.3097247706422017
2.04,32.02,4.98,7987.777777777777,60.959999999999994,1.9038101186758272
2.62,21.68,2.26,8322.777777777777,73.44,3.3874538745387452
3.92,29.57,18.01,6348.333333333333,48.5,1.6401758539059859
1.47,29.13,11.47,7468.333333333333,57.93,1.988671472708548
2.35,29.6,17.56,6755.555555555556,50.489999999999995,1.705743243243243
3.13,32.75,14.16,7052.777777777777,49.96,1.525496183206107
0.86,28.83,9.27,7751.666666666666,61.040000000000006,2.1172389871661466
1.0,27.94,12.95,7363.888888888889,58.11,2.079813886900501
6.26,37.09,12.77,6220.0,43.879999999999995,1.1830682124561873
1.18,37.48,14.16,6879.444444444444,47.18000000000001,1.2588046958377805
1.18,38.08,10.53,7323.333333333333,50.21,1.3185399159663866
2.04,21.64,16.02,6902.222222222222,60.3,2.786506469500924
3.24,26.07,8.48,7356.666666666666,62.21,2.3862677406981203
3.47,36.88,10.98,6841.666666666666,48.669999999999995,1.3196854663774402
1.26,33.69,12.66,7157.222222222222,52.39,1.5550608489165927
0.97,23.22,18.31,6880.0,57.5,2.476313522825151
2.18,31.02,21.8,6212.222222222222,45.0,1.4506769825918762
1.63,31.89,19.77,6451.111111111111,46.71,1.464722483537159
2.66,39.53,6.46,7554.444444444444,51.349999999999994,1.2990134075385782
2.58,38.79,8.54,7231.666666666666,50.09,1.291312193864398
3.59,31.55,11.55,7146.666666666666,53.31,1.6896988906497623
4.89,35.04,9.36,6955.555555555556,50.71,1.447203196347032
13.63,28.01,15.82,4951.666666666667,42.53999999999999,1.518743305962156
3.55,37.15,11.4,6882.222222222222,47.900000000000006,1.2893674293405117
0.83,21.5,16.77,7084.444444444444,60.900000000000006,2.832558139534884
2.08,37.68,10.6,7148.333333333333,49.64,1.3174097664543525
1.69,26.96,15.01,7041.111111111111,56.34,2.0897626112759644
1.23,27.51,12.08,7302.222222222222,59.18,2.1512177390039984
1.16,28.34,9.33,7590.555555555556,61.17,2.158433309809457
18.93,36.61,4.8,5436.666666666667,39.66,1.0833105708822726
17.68,35.64,7.65,5307.222222222222,39.03,1.0951178451178452
18.62,31.13,5.15,5554.444444444444,45.099999999999994,1.448763250883392
18.38,30.1,4.37,5641.111111111111,47.15,1.5664451827242523
13.56,36.15,5.29,5855.0,45.0,1.2448132780082988
9.8,27.2,3.63,6691.666666666666,59.370000000000005,2.1827205882352945
7.92,30.51,10.47,6289.444444444444,51.099999999999994,1.6748607014093737
12.09,30.68,6.03,5985.0,51.2,1.66883963494133
1.6,22.13,10.73,7579.444444444444,65.53999999999999,2.9615906009941253
14.09,36.09,14.3,5494.444444444444,35.519999999999996,0.9842061512884454
0.82,23.47,22.59,6459.444444444444,53.120000000000005,2.2633148700468686
2.86,39.67,6.98,7498.333333333333,50.489999999999995,1.2727501890597428
4.76,37.39,9.15,6884.444444444444,48.7,1.3024872960684675
4.99,35.32,6.96,7233.333333333333,52.730000000000004,1.4929218573046434
2.74,39.55,8.92,7273.333333333333,48.790000000000006,1.233628318584071
3.81,37.85,11.33,6926.111111111111,47.01,1.242007926023778
2.21,35.26,10.43,7336.111111111111,52.1,1.4775950085082248
1.99,32.4,8.02,7654.444444444444,57.59,1.7774691358024692
4.44,32.69,3.04,7836.666666666666,59.83,1.8302233098806975
2.15,31.08,11.82,7320.555555555556,54.95,1.7680180180180183
7.43,31.33,4.14,7257.222222222222,57.1,1.8225343121608684
3.86,29.91,15.27,6723.333333333333,50.96,1.7037780006686727
2.11,34.99,8.36,7555.555555555556,54.54,1.5587310660188625
1.82,20.73,14.73,7207.777777777777,62.72,3.0255668113844667
3.45,37.6,11.48,7047.222222222222,47.47,1.2625
2.35,32.87,24.73,5863.888888888889,40.05,1.218436264070581
1.6,33.17,4.05,8026.666666666666,61.18,1.8444377449502563
1.72,30.31,21.63,6497.777777777777,46.34,1.5288683602771365
4.14,30.2,15.77,6742.222222222222,49.89,1.6519867549668874
1.74,33.65,18.36,6676.666666666666,46.25,1.37444279346211
3.66,30.45,13.25,7060.0,52.64,1.728735632183908
3.24,32.3,18.79,6651.111111111111,45.67,1.4139318885448917
2.09,24.52,15.32,7036.111111111111,58.07,2.3682707993474716
4.21,24.37,13.3,7058.888888888889,58.12,2.3848994665572425
2.28,20.96,8.01,7723.888888888889,68.75,3.280057251908397
2.8,29.25,9.58,7515.0,58.370000000000005,1.9955555555555557
4.34,30.42,13.66,6983.888888888889,51.58,1.6955950032873108
3.1,23.96,17.76,6732.777777777777,55.17999999999999,2.303005008347245
11.08,25.11,11.36,6673.333333333333,52.45,2.088809239346874
1.05,29.41,21.88,6590.555555555556,47.66,1.620537232233934
1.9,27.88,15.05,6977.777777777777,55.17,1.9788378766140604
1.65,29.72,14.01,7011.111111111111,54.620000000000005,1.837819650067295
1.15,22.92,18.25,6827.777777777777,57.68,2.5165794066317626
3.52,32.44,19.35,6488.333333333333,44.69,1.377620221948212
2.66,32.61,16.13,6796.666666666666,48.6,1.4903403863845446
2.48,43.46,12.25,6797.777777777777,41.81,0.9620340543028072
3.47,33.62,17.61,6244.444444444444,45.300000000000004,1.3474122546103513
3.32,35.17,16.93,6266.666666666666,44.58,1.2675575774808074
5.82,36.17,14.55,6115.555555555556,43.459999999999994,1.2015482444014374
2.99,36.7,7.63,7272.777777777777,52.67999999999999,1.4354223433242503
2.0,32.76,10.97,7125.0,54.27,1.6565934065934067
2.67,37.31,11.02,6975.0,49.0,1.3133208255159474
2.77,33.06,10.73,7095.555555555556,53.44,1.616454930429522
1.62,37.71,12.23,6983.888888888889,48.44,1.284539909838239
5.04,36.45,9.83,6512.222222222222,48.67999999999999,1.3355281207133056
2.29,37.7,12.03,6848.333333333333,47.98,1.272679045092838
4.62,34.06,16.83,6405.555555555556,44.489999999999995,1.3062243100411037
2.05,32.8,20.36,6423.888888888889,44.790000000000006,1.3655487804878053
1.5,32.08,19.13,6701.111111111111,47.290000000000006,1.474127182044888
3.66,36.0,5.47,7156.666666666666,54.870000000000005,1.524166666666667
6.45,40.3,7.48,6862.777777777777,45.77,1.1357320099255586
1.05,30.05,16.22,7037.222222222222,52.68,1.7530782029950083
2.8,28.36,13.42,7102.777777777777,55.42,1.954160789844852
0.78,19.68,10.51,7683.333333333333,69.03,3.5076219512195124
3.58,27.51,18.34,6492.777777777777,50.56999999999999,1.838240639767357
1.35,24.29,12.49,7333.333333333333,61.870000000000005,2.547138740222314
1.4,25.53,9.79,7510.0,63.28,2.4786525656090874
0.83,27.35,17.6,6902.777777777777,54.22,1.982449725776965
1.54,26.04,12.05,7281.111111111111,60.370000000000005,2.318356374807988
1.05,25.6,11.98,7423.888888888889,61.37,2.3972656249999997
1.22,24.71,15.38,7098.888888888889,58.69,2.375151760420882
0.85,25.75,15.65,7103.888888888889,57.75,2.2427184466019416
1.56,24.93,13.5,7291.111111111111,60.01,2.407139991977537
1.16,25.66,11.45,7455.555555555556,61.730000000000004,2.405689789555729
0.8,28.5,11.64,7391.666666666666,59.06,2.072280701754386
0.98,25.43,13.18,7346.111111111111,60.41,2.375540699960676
1.63,33.14,10.34,7431.666666666666,54.89,1.656306578153289
1.84,32.78,11.32,7231.666666666666,54.06,1.6491763270286761
1.18,27.46,9.98,7586.111111111111,61.379999999999995,2.2352512745812088
4.16,38.74,12.23,6642.777777777777,44.87,1.1582343830665978
7.95,35.96,9.38,6520.0,46.709999999999994,1.2989432703003334
1.77,34.07,12.86,7104.444444444444,51.3,1.505723510419724
2.97,37.01,13.3,6742.222222222222,46.72,1.2623615239124562
2.37,26.9,15.97,6949.444444444444,54.760000000000005,2.0356877323420077
2.82,19.66,11.04,7465.555555555556,66.48,3.3814852492370298
9.97,31.83,4.39,6398.888888888889,53.81,1.6905435124096766
7.52,43.6,4.07,7069.444444444444,44.81,1.0277522935779817
6.64,41.82,12.42,6472.777777777777,39.120000000000005,0.9354375896700144
6.98,43.74,6.51,6854.444444444444,42.769999999999996,0.9778235025148604
7.31,44.25,3.37,7120.0,45.07,1.0185310734463278
8.06,40.82,4.17,6869.444444444444,46.95,1.150171484566389
3.54,28.74,17.44,6548.888888888889,50.28,1.7494780793319418
2.84,27.43,18.08,6706.666666666666,51.650000000000006,1.8829748450601533
3.1,31.33,18.66,6488.333333333333,46.91,1.4972869454197255
1.89,33.04,15.82,6813.333333333333,49.25,1.4906174334140436
2.77,20.87,12.49,7318.333333333333,63.87,3.0603737422137036
1.39,34.04,14.69,7013.333333333333,49.88,1.4653349001175089
3.53,36.16,14.42,6785.0,45.89,1.2690818584070798
1.62,28.49,26.99,5874.444444444444,42.900000000000006,1.5057915057915061
0.83,31.0,24.34,6252.777777777777,43.83,1.4138709677419354
6.11,29.71,10.36,6948.888888888889,53.82,1.8115112756647593
2.75,36.4,9.11,7494.444444444444,51.74,1.4214285714285715
3.27,22.46,9.08,7582.222222222222,65.19,2.9024933214603736
2.15,30.21,10.92,7383.888888888889,56.72,1.8775239986759351
1.43,24.89,18.73,6734.444444444444,54.95,2.2077139413419045
1.75,24.18,17.69,6836.111111111111,56.379999999999995,2.3316790736145574
1.58,31.02,9.29,7583.888888888889,58.11,1.8733075435203095
1.09,24.26,23.06,6345.555555555556,51.59,2.126545754328112
7.4,35.61,15.38,6009.444444444444,41.61,1.1684919966301601
2.76,34.71,15.36,6519.444444444444,47.17,1.358974358974359
4.9,36.31,11.18,6423.333333333333,47.61,1.311209033324153
2.76,35.24,17.17,6609.444444444444,44.83,1.2721339387060158
3.72,36.12,13.7,6307.777777777777,46.46000000000001,1.2862679955703216
6.21,34.57,11.66,6511.666666666666,47.56,1.3757593288978884
1.39,26.32,11.5,7490.555555555556,60.79,2.3096504559270516
1.02,25.48,13.18,7331.666666666666,60.32,2.36734693877551
1.06,25.5,16.16,6998.333333333333,57.28,2.2462745098039214
1.46,23.67,13.44,7112.777777777777,61.43,2.5952682720743554
1.11,22.13,25.74,6181.111111111111,51.02,2.305467690917307
1.05,20.12,23.57,6366.666666666666,55.26,2.7465208747514906
1.11,28.87,12.05,7405.0,57.97,2.0079667474887426
1.66,34.03,11.28,7275.0,53.03,1.5583308845136643
1.89,21.29,18.94,6771.666666666666,57.879999999999995,2.7186472522310945
2.21,35.19,11.57,7244.444444444444,51.03,1.4501278772378519
4.09,32.39,17.03,6483.888888888889,46.489999999999995,1.4353195430688481
2.0,27.83,12.23,7288.333333333333,57.94,2.081925979159181
1.46,26.86,25.69,5755.0,45.989999999999995,1.7122114668652268
2.08,20.54,18.33,6778.888888888889,59.050000000000004,2.874878286270692
4.44,20.94,18.62,6676.111111111111,56.0,2.674307545367717
4.68,36.48,11.28,6418.888888888889,47.56,1.3037280701754388
3.38,35.56,9.25,6853.888888888889,51.81,1.4569741282339708
2.9,36.83,12.82,6640.0,47.45,1.288351887048602
3.08,30.82,18.3,6513.888888888889,47.8,1.5509409474367293
2.8,26.9,9.7,7523.888888888889,60.6,2.2527881040892197
2.02,31.09,20.02,6506.111111111111,46.870000000000005,1.5075587005467999
1.63,31.67,21.57,6466.111111111111,45.129999999999995,1.4250078939059043
1.63,32.54,12.1,7316.666666666666,53.730000000000004,1.6511985248924403
3.41,26.98,8.24,7578.888888888889,61.37,2.2746478873239435
1.1,31.62,15.19,7110.0,52.09,1.6473750790638837
1.3,34.25,17.03,6750.555555555556,47.42,1.3845255474452556
1.49,29.74,21.37,6371.666666666666,47.400000000000006,1.5938130464021523
2.34,36.81,9.94,7065.0,50.91,1.383048084759576
0.96,24.66,20.98,6608.333333333333,53.4,2.165450121654501
2.77,32.46,16.08,6728.888888888889,48.69,1.5
18.55,33.26,5.41,5487.222222222222,42.78,1.286229705351774
8.25,39.05,8.0,6311.666666666666,44.7,1.1446862996158773
9.18,36.67,7.75,6296.111111111111,46.4,1.2653395145895827
11.79,36.24,5.29,6252.222222222222,46.68,1.2880794701986755
17.96,34.23,6.2,5503.888888888889,41.61,1.2156003505696757
9.02,39.73,6.51,6429.444444444444,44.74,1.12610118298515
